STUDENT_ID,FISCAL_YEAR,FIRST_GEN,PELL_ELIGIBLE
1,FY23,N,N
2,FY23,N,N
5,FY24,N,Y
8,FY20,N,Y
10,FY24,Y,Y
12,FY24,N,N
14,FY20,N,N
15,FY20,Y,Y
16,FY23,Y,Y
17,FY21,N,N
18,FY20,Y,Y
19,FY21,Y,Y
21,FY24,N,N
23,FY21,Y,Y
24,FY23,Y,Y
25,FY22,N,N
26,FY21,N,Y
27,FY21,N,Y
28,FY22,N,Y
29,FY24,Y,Y
30,FY20,N,N
31,FY22,Y,Y
33,FY21,Y,Y
35,FY20,N,Y
36,FY22,Y,Y
39,FY22,N,Y
40,FY23,Y,Y
41,FY21,N,N
42,FY20,N,Y
46,FY21,Y,Y
47,FY22,Y,Y
49,FY21,N,Y
50,FY23,Y,Y
52,FY21,Y,Y
53,FY23,Y,Y
54,FY23,Y,Y
55,FY21,N,Y
56,FY22,N,N
58,FY20,Y,Y
59,FY21,N,Y
60,FY22,Y,Y
61,FY22,N,Y
62,FY21,Y,Y
63,FY22,Y,Y
65,FY24,N,Y
66,FY23,Y,Y
67,FY21,N,Y
68,FY20,Y,Y
69,FY24,Y,Y
70,FY21,Y,Y
71,FY21,N,N
72,FY21,N,Y
73,FY24,Y,Y
74,FY21,Y,Y
75,FY20,Y,Y
77,FY22,N,Y
78,FY21,N,Y
79,FY21,Y,Y
81,FY24,N,Y
82,FY22,N,N
83,FY22,N,Y
84,FY20,N,Y
86,FY22,N,Y
87,FY21,N,Y
89,FY23,N,Y
90,FY22,Y,Y
91,FY23,N,Y
92,FY22,Y,Y
93,FY22,N,Y
97,FY20,N,N
98,FY24,N,N
99,FY22,Y,Y
100,FY22,N,Y
101,FY23,N,Y
102,FY21,N,N
104,FY22,Y,Y
105,FY23,N,Y
106,FY22,N,Y
107,FY23,N,N
108,FY22,Y,Y
109,FY23,Y,Y
111,FY22,N,Y
112,FY23,Y,Y
113,FY22,Y,Y
114,FY20,N,Y
115,FY24,Y,Y
116,FY20,N,N
118,FY23,Y,Y
120,FY23,N,N
121,FY22,N,Y
122,FY23,Y,Y
123,FY24,N,N
124,FY22,N,Y
125,FY22,N,N
127,FY22,N,N
128,FY23,N,Y
129,FY21,N,N
130,FY20,Y,Y
131,FY24,N,Y
132,FY24,Y,Y
133,FY20,N,Y
134,FY21,Y,Y
135,FY24,N,Y
136,FY20,N,N
138,FY23,Y,Y
139,FY22,N,N
141,FY22,N,N
142,FY24,Y,Y
143,FY20,Y,Y
144,FY24,N,Y
145,FY24,N,Y
146,FY21,N,N
148,FY22,Y,Y
149,FY24,N,N
152,FY22,Y,Y
153,FY20,N,Y
154,FY24,N,N
155,FY22,Y,Y
156,FY24,N,Y
157,FY21,N,N
160,FY22,N,Y
162,FY22,N,Y
163,FY22,Y,Y
164,FY21,N,Y
166,FY20,Y,Y
168,FY23,Y,Y
169,FY20,Y,Y
170,FY22,Y,Y
171,FY22,Y,Y
173,FY20,N,N
174,FY23,N,N
175,FY20,Y,Y
176,FY20,N,Y
177,FY23,Y,Y
178,FY21,Y,Y
179,FY20,N,Y
180,FY23,Y,Y
181,FY24,N,N
182,FY23,N,N
184,FY22,N,Y
185,FY22,N,N
187,FY22,Y,Y
188,FY21,Y,Y
189,FY24,Y,Y
190,FY22,N,N
191,FY24,N,Y
192,FY22,N,Y
193,FY20,Y,Y
195,FY23,N,Y
196,FY22,N,Y
197,FY20,N,N
198,FY20,N,N
199,FY24,N,Y
200,FY21,N,Y
201,FY21,Y,Y
204,FY24,Y,Y
205,FY20,N,N
206,FY22,Y,Y
208,FY22,N,N
210,FY20,N,Y
211,FY23,Y,Y
212,FY20,N,Y
213,FY24,N,Y
214,FY20,Y,Y
216,FY24,N,N
218,FY21,Y,Y
219,FY21,N,Y
220,FY24,N,Y
221,FY23,N,N
222,FY23,Y,Y
223,FY22,Y,Y
225,FY22,Y,Y
226,FY24,N,N
227,FY23,N,N
229,FY24,N,N
230,FY21,Y,Y
231,FY20,N,Y
232,FY20,Y,Y
233,FY21,N,Y
234,FY22,N,Y
235,FY24,N,Y
236,FY20,N,N
237,FY24,Y,Y
239,FY22,Y,Y
240,FY20,N,Y
241,FY21,Y,Y
242,FY24,Y,Y
243,FY20,N,Y
244,FY20,Y,Y
245,FY21,Y,Y
246,FY20,N,N
247,FY24,N,Y
248,FY23,N,Y
249,FY23,N,Y
250,FY23,N,N
251,FY22,Y,Y
252,FY22,Y,Y
253,FY21,Y,Y
254,FY24,N,Y
256,FY22,N,Y
257,FY22,N,Y
259,FY22,N,N
260,FY24,Y,Y
262,FY24,Y,Y
263,FY23,N,Y
264,FY21,N,Y
265,FY20,N,Y
267,FY20,N,N
268,FY22,Y,Y
269,FY23,N,Y
270,FY20,N,Y
271,FY21,N,N
272,FY22,N,N
273,FY22,N,N
274,FY23,N,Y
275,FY24,N,N
276,FY21,Y,Y
277,FY24,N,N
278,FY21,N,N
279,FY22,N,N
280,FY22,N,Y
282,FY23,Y,Y
283,FY23,N,Y
284,FY24,N,N
285,FY20,N,N
287,FY22,N,Y
288,FY21,N,N
289,FY24,Y,Y
290,FY22,Y,Y
291,FY20,N,N
292,FY23,N,N
294,FY24,N,N
295,FY20,Y,Y
296,FY21,N,Y
299,FY20,N,N
300,FY23,Y,Y
301,FY20,N,Y
303,FY24,N,Y
304,FY22,N,N
305,FY24,Y,Y
306,FY24,N,N
308,FY23,Y,Y
309,FY21,N,Y
313,FY21,N,N
314,FY24,Y,Y
315,FY20,N,N
316,FY23,N,Y
317,FY23,N,N
318,FY24,Y,Y
319,FY20,Y,Y
320,FY21,N,N
321,FY22,N,Y
322,FY21,N,N
324,FY24,N,N
325,FY22,N,N
326,FY20,Y,Y
328,FY21,N,N
329,FY21,Y,Y
331,FY24,Y,Y
332,FY23,Y,Y
334,FY24,Y,Y
335,FY20,N,N
336,FY21,N,N
337,FY20,N,Y
338,FY22,N,Y
339,FY23,N,N
340,FY22,N,N
342,FY21,Y,Y
343,FY24,Y,Y
344,FY21,Y,Y
345,FY23,Y,Y
346,FY22,N,N
348,FY24,N,N
349,FY20,N,Y
351,FY23,N,N
352,FY22,N,Y
354,FY24,Y,Y
355,FY21,Y,Y
356,FY22,N,N
357,FY22,N,N
358,FY23,Y,Y
359,FY21,N,Y
361,FY24,Y,Y
362,FY21,Y,Y
363,FY20,Y,Y
364,FY22,Y,Y
366,FY24,Y,Y
367,FY23,N,N
368,FY20,N,N
369,FY21,N,Y
370,FY20,Y,Y
371,FY20,N,N
372,FY22,Y,Y
373,FY20,Y,Y
374,FY20,Y,Y
375,FY22,N,N
376,FY20,Y,Y
377,FY23,N,N
378,FY24,Y,Y
379,FY23,N,N
382,FY24,Y,Y
383,FY24,N,Y
385,FY24,N,Y
386,FY22,Y,Y
387,FY20,Y,Y
389,FY22,Y,Y
390,FY21,Y,Y
391,FY21,N,Y
392,FY24,N,Y
393,FY21,Y,Y
394,FY20,N,N
395,FY24,Y,Y
397,FY20,N,Y
398,FY20,Y,Y
399,FY24,N,N
400,FY23,Y,Y
401,FY21,N,Y
402,FY21,Y,Y
403,FY20,N,N
404,FY20,N,N
405,FY20,N,Y
406,FY21,Y,Y
407,FY20,N,Y
408,FY20,Y,Y
409,FY22,N,N
410,FY22,N,Y
411,FY21,Y,Y
412,FY21,Y,Y
413,FY20,N,Y
414,FY20,N,Y
415,FY20,Y,Y
417,FY24,Y,Y
418,FY24,N,Y
419,FY22,N,N
420,FY23,Y,Y
421,FY23,Y,Y
422,FY20,N,Y
423,FY22,Y,Y
424,FY22,N,Y
426,FY21,Y,Y
427,FY22,N,Y
428,FY23,Y,Y
430,FY21,N,Y
431,FY24,N,N
433,FY23,N,N
434,FY21,Y,Y
435,FY23,Y,Y
436,FY22,Y,Y
438,FY21,Y,Y
439,FY21,N,N
440,FY24,Y,Y
441,FY21,N,N
442,FY24,Y,Y
445,FY22,Y,Y
446,FY21,Y,Y
447,FY22,N,Y
448,FY22,N,Y
449,FY21,N,Y
452,FY23,Y,Y
453,FY24,N,Y
454,FY20,N,N
455,FY21,N,Y
456,FY22,N,Y
457,FY20,Y,Y
458,FY22,N,Y
459,FY22,N,Y
460,FY24,N,N
462,FY21,N,Y
463,FY20,N,N
464,FY20,N,N
465,FY23,N,Y
466,FY23,Y,Y
467,FY23,N,N
468,FY22,Y,Y
469,FY20,N,Y
471,FY24,N,N
472,FY22,Y,Y
473,FY22,Y,Y
474,FY24,N,Y
475,FY20,N,N
476,FY22,Y,Y
477,FY22,Y,Y
478,FY21,Y,Y
479,FY22,N,N
480,FY21,N,Y
481,FY24,Y,Y
482,FY22,Y,Y
484,FY24,N,Y
485,FY20,N,Y
486,FY20,N,Y
487,FY24,N,N
488,FY21,N,Y
489,FY21,N,N
490,FY22,Y,Y
491,FY22,Y,Y
492,FY21,Y,Y
493,FY22,Y,Y
495,FY22,N,Y
496,FY22,Y,Y
498,FY20,N,Y
499,FY20,Y,Y
502,FY24,N,Y
503,FY24,N,Y
504,FY20,Y,Y
505,FY23,N,Y
506,FY24,Y,Y
507,FY22,Y,Y
509,FY20,N,Y
510,FY22,N,N
511,FY22,Y,Y
512,FY20,N,Y
513,FY23,Y,Y
514,FY20,N,Y
515,FY22,N,Y
516,FY22,Y,Y
517,FY20,N,N
519,FY22,Y,Y
520,FY23,N,Y
521,FY24,N,N
523,FY23,Y,Y
524,FY20,N,N
525,FY23,N,N
526,FY23,N,Y
527,FY20,N,Y
528,FY21,Y,Y
529,FY20,N,Y
531,FY23,N,N
532,FY20,N,N
533,FY21,N,N
536,FY23,N,N
537,FY24,Y,Y
538,FY23,N,Y
539,FY21,Y,Y
540,FY23,Y,Y
541,FY23,N,Y
542,FY24,Y,Y
543,FY24,N,Y
544,FY20,N,N
545,FY24,N,Y
546,FY21,Y,Y
547,FY23,Y,Y
548,FY23,Y,Y
549,FY22,N,Y
550,FY21,N,N
551,FY24,N,N
552,FY21,N,Y
554,FY21,N,N
556,FY22,N,N
557,FY24,N,Y
558,FY20,N,Y
559,FY24,Y,Y
560,FY20,N,Y
561,FY24,N,Y
562,FY23,N,N
563,FY23,Y,Y
564,FY22,Y,Y
565,FY23,Y,Y
566,FY23,Y,Y
567,FY20,N,Y
568,FY21,Y,Y
569,FY24,N,Y
571,FY22,Y,Y
572,FY20,Y,Y
573,FY24,Y,Y
574,FY22,N,N
575,FY23,N,N
576,FY20,N,N
577,FY21,N,Y
578,FY20,N,Y
579,FY24,N,N
580,FY23,N,Y
581,FY20,N,N
582,FY23,N,N
583,FY20,N,N
584,FY23,Y,Y
585,FY22,N,Y
586,FY22,Y,Y
588,FY23,Y,Y
589,FY21,Y,Y
590,FY22,Y,Y
592,FY21,N,Y
593,FY20,N,Y
596,FY22,N,N
597,FY20,N,Y
598,FY23,N,N
599,FY20,Y,Y
600,FY21,N,N
601,FY21,Y,Y
604,FY24,N,Y
605,FY24,Y,Y
607,FY20,N,N
608,FY20,N,N
609,FY23,N,N
610,FY24,N,N
613,FY24,N,N
615,FY24,N,Y
616,FY20,N,Y
617,FY20,N,N
618,FY21,N,N
619,FY22,N,N
620,FY24,N,N
621,FY23,N,N
622,FY21,Y,Y
624,FY24,Y,Y
626,FY20,N,N
628,FY23,Y,Y
630,FY24,Y,Y
631,FY20,Y,Y
634,FY20,N,N
635,FY20,Y,Y
636,FY24,Y,Y
637,FY22,Y,Y
639,FY21,Y,Y
640,FY22,N,N
641,FY21,N,Y
642,FY21,N,Y
643,FY20,Y,Y
644,FY23,N,Y
645,FY20,N,Y
646,FY20,Y,Y
648,FY20,N,Y
649,FY23,N,N
651,FY24,Y,Y
652,FY24,Y,Y
653,FY20,Y,Y
654,FY22,Y,Y
655,FY20,N,Y
656,FY23,Y,Y
658,FY21,Y,Y
659,FY21,Y,Y
660,FY22,Y,Y
661,FY24,Y,Y
662,FY20,N,Y
664,FY22,Y,Y
666,FY23,N,N
667,FY22,N,Y
669,FY23,N,Y
670,FY24,Y,Y
671,FY22,N,N
672,FY24,N,Y
673,FY20,N,N
674,FY20,N,Y
676,FY21,Y,Y
677,FY22,N,N
678,FY22,N,Y
681,FY23,N,N
682,FY22,N,Y
683,FY23,N,Y
684,FY23,Y,Y
685,FY21,Y,Y
686,FY23,N,N
687,FY21,N,Y
689,FY23,Y,Y
690,FY24,N,Y
691,FY23,Y,Y
692,FY20,N,N
693,FY23,Y,Y
695,FY21,N,Y
696,FY20,N,N
699,FY23,N,Y
700,FY21,N,N
701,FY22,N,Y
702,FY24,N,Y
703,FY20,Y,Y
704,FY21,N,Y
705,FY22,N,N
706,FY20,Y,Y
708,FY24,N,Y
709,FY24,N,Y
710,FY20,N,N
711,FY24,N,Y
712,FY24,Y,Y
713,FY22,N,Y
715,FY24,Y,Y
716,FY21,Y,Y
717,FY20,N,Y
718,FY24,N,N
719,FY23,Y,Y
720,FY22,Y,Y
721,FY23,Y,Y
722,FY23,N,Y
724,FY22,Y,Y
725,FY22,Y,Y
726,FY21,Y,Y
728,FY24,N,N
730,FY24,N,N
731,FY24,N,Y
732,FY24,Y,Y
733,FY24,N,Y
734,FY24,Y,Y
735,FY21,N,Y
736,FY24,N,Y
737,FY22,N,N
738,FY23,N,Y
739,FY24,N,N
740,FY24,N,Y
742,FY21,N,N
743,FY20,Y,Y
744,FY20,Y,Y
746,FY21,N,Y
747,FY20,Y,Y
748,FY21,N,N
750,FY22,N,N
751,FY22,N,Y
752,FY20,Y,Y
753,FY22,N,N
754,FY24,N,N
755,FY20,Y,Y
756,FY21,Y,Y
757,FY20,Y,Y
759,FY20,N,N
760,FY20,N,Y
761,FY21,N,Y
762,FY23,Y,Y
763,FY21,Y,Y
764,FY21,N,Y
766,FY21,N,N
767,FY20,N,N
768,FY20,Y,Y
769,FY21,Y,Y
770,FY24,N,Y
772,FY21,N,N
773,FY20,N,Y
774,FY22,N,Y
775,FY22,N,N
776,FY22,N,N
777,FY21,N,N
778,FY23,N,N
779,FY23,N,N
780,FY21,N,N
781,FY24,N,Y
782,FY22,N,N
783,FY24,N,N
784,FY21,Y,Y
785,FY22,N,N
786,FY21,N,N
787,FY21,Y,Y
788,FY23,Y,Y
790,FY24,N,N
791,FY24,N,N
792,FY20,N,N
793,FY20,N,Y
794,FY20,Y,Y
795,FY23,Y,Y
797,FY22,Y,Y
798,FY22,N,N
801,FY23,N,Y
802,FY23,Y,Y
803,FY21,Y,Y
804,FY22,Y,Y
806,FY24,Y,Y
807,FY22,N,Y
808,FY20,Y,Y
809,FY22,N,Y
811,FY22,Y,Y
812,FY23,N,N
814,FY21,N,Y
815,FY23,Y,Y
816,FY24,Y,Y
817,FY24,N,N
820,FY23,Y,Y
821,FY22,Y,Y
822,FY20,N,Y
823,FY22,N,N
824,FY23,Y,Y
826,FY21,N,N
827,FY24,N,Y
828,FY24,Y,Y
829,FY23,N,N
830,FY24,N,N
833,FY21,N,Y
834,FY22,N,Y
835,FY24,N,N
836,FY22,Y,Y
837,FY22,Y,Y
839,FY24,N,N
840,FY20,Y,Y
841,FY20,N,Y
842,FY21,N,Y
843,FY22,N,Y
844,FY20,Y,Y
846,FY22,N,Y
847,FY24,Y,Y
848,FY23,N,Y
849,FY20,Y,Y
850,FY20,N,Y
852,FY24,N,Y
853,FY20,N,N
854,FY20,Y,Y
855,FY23,N,Y
856,FY21,Y,Y
858,FY24,N,Y
860,FY21,Y,Y
861,FY21,N,N
863,FY21,N,Y
864,FY22,Y,Y
866,FY21,Y,Y
867,FY20,N,N
868,FY22,Y,Y
869,FY23,Y,Y
870,FY23,N,Y
872,FY23,N,Y
873,FY22,N,N
874,FY20,N,Y
875,FY23,Y,Y
878,FY20,N,N
879,FY24,N,Y
880,FY24,N,Y
881,FY21,Y,Y
882,FY21,Y,Y
884,FY24,N,N
885,FY20,N,N
886,FY21,N,Y
887,FY23,N,Y
889,FY20,N,Y
890,FY21,N,Y
891,FY21,N,Y
892,FY22,N,N
893,FY24,N,Y
894,FY24,N,Y
895,FY20,N,Y
896,FY23,Y,Y
897,FY22,N,Y
898,FY22,Y,Y
899,FY22,N,N
900,FY22,N,Y
902,FY24,N,Y
903,FY23,N,N
904,FY21,N,Y
905,FY24,Y,Y
906,FY20,N,Y
908,FY21,N,N
909,FY21,N,N
912,FY20,N,N
913,FY21,N,Y
914,FY24,N,Y
915,FY22,N,N
917,FY22,N,Y
918,FY24,Y,Y
919,FY22,Y,Y
920,FY22,Y,Y
921,FY22,N,Y
922,FY24,Y,Y
923,FY22,N,Y
924,FY20,N,Y
925,FY21,N,N
926,FY20,N,Y
927,FY24,N,N
928,FY22,N,N
929,FY21,Y,Y
930,FY21,N,N
931,FY23,Y,Y
932,FY21,N,N
933,FY21,N,N
935,FY24,N,N
937,FY21,N,Y
938,FY23,N,Y
939,FY23,N,Y
940,FY22,N,N
941,FY24,N,N
942,FY24,Y,Y
943,FY24,Y,Y
944,FY23,N,N
945,FY24,Y,Y
946,FY20,N,Y
947,FY24,Y,Y
949,FY21,N,N
950,FY23,N,Y
951,FY23,N,N
952,FY24,N,N
953,FY24,N,Y
955,FY20,Y,Y
956,FY23,Y,Y
957,FY21,Y,Y
958,FY21,N,Y
959,FY20,Y,Y
960,FY21,N,N
961,FY22,N,N
962,FY21,N,N
963,FY24,N,N
964,FY20,N,Y
965,FY22,Y,Y
966,FY22,Y,Y
967,FY21,N,N
968,FY22,Y,Y
969,FY23,Y,Y
970,FY20,N,N
971,FY22,Y,Y
972,FY21,N,Y
973,FY20,Y,Y
974,FY24,Y,Y
975,FY23,Y,Y
976,FY20,N,N
977,FY21,Y,Y
978,FY22,N,Y
979,FY23,Y,Y
980,FY24,N,N
981,FY24,N,Y
982,FY21,N,Y
983,FY22,Y,Y
985,FY21,N,N
986,FY21,Y,Y
988,FY22,Y,Y
989,FY21,Y,Y
990,FY21,N,N
991,FY20,N,N
992,FY22,N,N
993,FY23,N,Y
994,FY22,N,N
995,FY20,N,N
996,FY20,N,N
997,FY20,Y,Y
998,FY20,Y,Y
999,FY23,Y,Y
1000,FY20,N,N
1001,FY20,N,N
1003,FY23,N,Y
1005,FY21,N,Y
1006,FY20,N,Y
1007,FY23,N,N
1008,FY22,N,Y
1009,FY20,Y,Y
1010,FY22,N,Y
1011,FY24,N,Y
1013,FY24,N,N
1014,FY23,N,Y
1016,FY21,N,N
1017,FY22,N,N
1018,FY24,Y,Y
1019,FY24,Y,Y
1020,FY20,Y,Y
1021,FY21,Y,Y
1022,FY21,N,Y
1023,FY21,N,Y
1024,FY21,N,N
1025,FY24,Y,Y
1026,FY21,N,N
1027,FY22,N,N
1028,FY20,Y,Y
1029,FY20,Y,Y
1030,FY22,Y,Y
1032,FY24,Y,Y
1033,FY22,N,Y
1034,FY20,N,N
1035,FY20,Y,Y
1037,FY20,Y,Y
1038,FY22,N,N
1039,FY20,Y,Y
1040,FY21,Y,Y
1042,FY24,N,N
1044,FY24,N,N
1045,FY24,N,Y
1046,FY23,N,Y
1048,FY21,Y,Y
1049,FY23,Y,Y
1050,FY22,N,Y
1052,FY22,Y,Y
1053,FY24,Y,Y
1055,FY21,N,N
1056,FY20,Y,Y
1060,FY21,N,N
1061,FY22,N,N
1062,FY23,Y,Y
1063,FY20,N,N
1064,FY23,N,N
1065,FY24,N,Y
1066,FY23,N,Y
1067,FY21,Y,Y
1069,FY22,N,N
1070,FY23,N,N
1071,FY20,Y,Y
1072,FY23,N,Y
1073,FY24,N,Y
1074,FY23,Y,Y
1075,FY24,Y,Y
1077,FY22,Y,Y
1078,FY22,Y,Y
1079,FY22,N,N
1080,FY20,N,Y
1081,FY21,N,Y
1082,FY20,N,N
1083,FY20,N,N
1084,FY24,N,N
1085,FY20,N,Y
1086,FY22,Y,Y
1087,FY22,N,N
1088,FY20,N,Y
1089,FY23,N,N
1090,FY24,N,Y
1091,FY22,N,N
1092,FY22,Y,Y
1093,FY24,N,Y
1094,FY22,Y,Y
1095,FY24,Y,Y
1096,FY24,N,Y
1097,FY21,N,N
1098,FY20,N,N
1100,FY21,N,Y
1101,FY21,Y,Y
1102,FY22,N,Y
1103,FY24,N,Y
1104,FY22,N,N
1105,FY22,N,N
1106,FY24,Y,Y
1107,FY23,N,N
1108,FY20,Y,Y
1109,FY24,N,N
1110,FY23,N,N
1111,FY22,Y,Y
1112,FY20,Y,Y
1113,FY24,N,N
1114,FY24,N,Y
1115,FY21,N,N
1116,FY20,N,N
1118,FY24,N,Y
1119,FY21,N,N
1120,FY21,N,Y
1122,FY22,N,N
1123,FY20,Y,Y
1124,FY22,N,Y
1125,FY20,N,N
1126,FY24,Y,Y
1127,FY23,Y,Y
1128,FY24,Y,Y
1129,FY21,N,Y
1130,FY21,Y,Y
1131,FY20,N,Y
1132,FY21,Y,Y
1133,FY22,N,N
1134,FY21,N,N
1135,FY20,Y,Y
1136,FY21,Y,Y
1137,FY24,Y,Y
1139,FY22,Y,Y
1143,FY20,N,Y
1144,FY23,Y,Y
1145,FY20,N,Y
1149,FY20,Y,Y
1150,FY24,N,N
1151,FY20,Y,Y
1152,FY22,Y,Y
1153,FY21,N,Y
1154,FY24,Y,Y
1155,FY23,N,Y
1156,FY23,Y,Y
1157,FY22,Y,Y
1159,FY24,Y,Y
1160,FY24,Y,Y
1161,FY22,N,N
1162,FY23,N,N
1163,FY21,Y,Y
1164,FY24,N,Y
1165,FY22,Y,Y
1167,FY24,N,Y
1168,FY20,N,Y
1170,FY21,Y,Y
1172,FY23,Y,Y
1173,FY22,N,Y
1174,FY21,Y,Y
1175,FY20,Y,Y
1176,FY23,Y,Y
1177,FY24,Y,Y
1178,FY20,Y,Y
1179,FY22,Y,Y
1180,FY23,N,N
1181,FY21,Y,Y
1184,FY21,Y,Y
1185,FY23,Y,Y
1187,FY22,Y,Y
1188,FY22,Y,Y
1189,FY21,N,Y
1190,FY23,N,N
1191,FY23,N,N
1192,FY24,Y,Y
1193,FY20,Y,Y
1195,FY21,Y,Y
1196,FY24,Y,Y
1198,FY22,N,Y
1200,FY21,N,Y
1201,FY20,Y,Y
1202,FY20,N,Y
1203,FY22,Y,Y
1204,FY24,N,Y
1205,FY20,Y,Y
1206,FY24,Y,Y
1207,FY22,N,Y
1208,FY21,N,Y
1209,FY21,Y,Y
1210,FY23,N,Y
1211,FY20,N,Y
1213,FY23,Y,Y
1214,FY23,N,Y
1215,FY23,N,Y
1216,FY20,Y,Y
1217,FY23,N,Y
1221,FY20,Y,Y
1225,FY20,N,N
1226,FY24,N,N
1227,FY20,N,Y
1228,FY22,N,Y
1229,FY22,Y,Y
1231,FY22,Y,Y
1232,FY24,N,N
1233,FY22,Y,Y
1234,FY21,Y,Y
1235,FY23,N,Y
1236,FY22,Y,Y
1237,FY21,N,N
1238,FY23,N,N
1239,FY23,N,Y
1240,FY21,Y,Y
1241,FY20,N,Y
1242,FY22,N,N
1244,FY21,N,Y
1245,FY24,N,Y
1247,FY21,N,Y
1248,FY22,N,Y
1249,FY20,N,N
1250,FY23,Y,Y
1251,FY24,N,Y
1252,FY22,N,Y
1254,FY20,N,Y
1255,FY21,Y,Y
1256,FY20,N,Y
1257,FY20,N,N
1258,FY20,Y,Y
1259,FY21,N,Y
1260,FY21,Y,Y
1261,FY22,Y,Y
1262,FY20,N,Y
1263,FY24,N,Y
1264,FY21,N,Y
1265,FY21,N,Y
1267,FY24,N,N
1268,FY23,Y,Y
1269,FY20,N,N
1270,FY21,Y,Y
1271,FY20,N,N
1272,FY21,Y,Y
1273,FY20,Y,Y
1274,FY20,Y,Y
1275,FY23,N,Y
1276,FY20,N,Y
1277,FY21,N,N
1279,FY24,Y,Y
1280,FY20,N,Y
1281,FY21,Y,Y
1282,FY21,N,Y
1283,FY24,Y,Y
1284,FY23,N,N
1285,FY22,Y,Y
1286,FY24,N,Y
1287,FY20,N,Y
1288,FY23,N,N
1290,FY20,Y,Y
1291,FY24,Y,Y
1292,FY23,Y,Y
1293,FY24,Y,Y
1294,FY23,N,Y
1295,FY22,Y,Y
1296,FY22,N,Y
1297,FY22,N,N
1299,FY24,N,N
1301,FY23,Y,Y
1302,FY21,N,Y
1303,FY21,N,N
1305,FY21,N,N
1306,FY22,N,Y
1307,FY24,N,Y
1308,FY20,N,N
1309,FY22,N,Y
1310,FY20,N,N
1311,FY21,N,Y
1312,FY22,Y,Y
1313,FY20,Y,Y
1316,FY22,N,N
1317,FY24,N,Y
1319,FY20,N,Y
1320,FY23,Y,Y
1321,FY20,N,Y
1322,FY24,N,N
1323,FY22,N,Y
1324,FY20,Y,Y
1326,FY23,Y,Y
1327,FY21,Y,Y
1328,FY22,N,Y
1330,FY21,N,Y
1331,FY23,Y,Y
1332,FY23,N,N
1335,FY24,N,Y
1336,FY24,N,N
1337,FY24,N,N
1338,FY24,Y,Y
1339,FY22,Y,Y
1340,FY22,N,Y
1341,FY22,Y,Y
1342,FY24,N,N
1343,FY21,Y,Y
1344,FY22,N,N
1345,FY22,N,N
1346,FY20,N,Y
1347,FY24,Y,Y
1348,FY20,N,Y
1350,FY22,Y,Y
1352,FY21,N,N
1353,FY23,N,Y
1354,FY23,Y,Y
1355,FY24,Y,Y
1358,FY23,N,Y
1359,FY22,N,Y
1360,FY23,Y,Y
1361,FY21,Y,Y
1362,FY20,N,Y
1363,FY20,Y,Y
1364,FY21,N,N
1365,FY22,N,N
1366,FY21,N,Y
1367,FY21,Y,Y
1368,FY21,Y,Y
1369,FY24,N,N
1371,FY20,N,N
1372,FY20,N,Y
1374,FY23,Y,Y
1375,FY21,Y,Y
1376,FY23,N,N
1377,FY20,N,Y
1378,FY21,Y,Y
1379,FY22,Y,Y
1380,FY24,N,N
1381,FY20,N,Y
1382,FY23,Y,Y
1384,FY21,N,Y
1386,FY20,Y,Y
1387,FY21,N,Y
1388,FY20,Y,Y
1389,FY21,N,Y
1390,FY20,N,N
1391,FY23,Y,Y
1392,FY22,N,N
1393,FY20,N,Y
1394,FY22,Y,Y
1395,FY20,Y,Y
1397,FY22,N,Y
1398,FY21,N,Y
1399,FY23,N,Y
1400,FY24,N,N
1403,FY22,Y,Y
1404,FY20,Y,Y
1405,FY20,Y,Y
1407,FY24,N,Y
1408,FY21,N,Y
1409,FY22,N,Y
1410,FY21,Y,Y
1411,FY23,N,Y
1412,FY24,N,N
1413,FY24,N,N
1414,FY24,N,Y
1415,FY22,N,Y
1416,FY21,N,Y
1417,FY23,N,Y
1418,FY20,N,Y
1419,FY21,Y,Y
1420,FY22,Y,Y
1421,FY22,N,N
1423,FY23,Y,Y
1424,FY21,N,N
1427,FY23,Y,Y
1428,FY20,Y,Y
1429,FY22,Y,Y
1430,FY24,Y,Y
1432,FY23,Y,Y
1433,FY24,N,Y
1437,FY20,N,N
1438,FY23,N,Y
1439,FY20,Y,Y
1440,FY21,N,Y
1441,FY22,N,Y
1442,FY24,N,Y
1444,FY20,N,Y
1445,FY24,N,Y
1447,FY23,Y,Y
1448,FY21,Y,Y
1449,FY24,N,Y
1450,FY24,N,N
1451,FY22,Y,Y
1452,FY20,Y,Y
1453,FY24,N,N
1454,FY24,Y,Y
1455,FY21,N,N
1457,FY23,Y,Y
1458,FY20,N,N
1459,FY20,Y,Y
1460,FY23,N,Y
1461,FY21,Y,Y
1462,FY20,N,Y
1463,FY20,N,N
1464,FY22,N,Y
1465,FY24,N,N
1466,FY22,N,N
1467,FY23,Y,Y
1468,FY22,Y,Y
1469,FY22,Y,Y
1470,FY22,N,N
1471,FY22,Y,Y
1472,FY21,N,N
1473,FY20,N,Y
1474,FY20,N,Y
1475,FY23,N,N
1476,FY23,N,Y
1477,FY21,N,N
1478,FY20,Y,Y
1480,FY24,Y,Y
1481,FY22,N,Y
1482,FY21,N,Y
1483,FY23,Y,Y
1484,FY21,N,Y
1485,FY24,Y,Y
1486,FY20,N,N
1488,FY23,N,Y
1492,FY20,Y,Y
1494,FY22,N,N
1495,FY20,Y,Y
1496,FY22,Y,Y
1498,FY24,N,N
1500,FY22,Y,Y
1501,FY23,N,Y
1502,FY23,Y,Y
1503,FY21,N,N
1504,FY21,Y,Y
1505,FY23,N,N
1509,FY24,N,N
1510,FY23,Y,Y
1511,FY21,Y,Y
1512,FY22,Y,Y
1513,FY20,N,N
1514,FY24,N,N
1515,FY21,Y,Y
1516,FY22,Y,Y
1517,FY20,Y,Y
1520,FY24,N,Y
1521,FY22,Y,Y
1522,FY21,N,N
1523,FY24,N,N
1524,FY20,N,N
1525,FY23,Y,Y
1526,FY21,N,Y
1527,FY24,N,Y
1528,FY21,Y,Y
1529,FY24,Y,Y
1530,FY20,N,N
1533,FY23,N,N
1534,FY20,N,Y
1535,FY24,N,N
1536,FY23,N,N
1538,FY22,N,Y
1539,FY20,Y,Y
1541,FY24,Y,Y
1542,FY21,N,N
1543,FY21,N,N
1544,FY23,N,Y
1545,FY21,N,N
1546,FY22,Y,Y
1547,FY23,N,N
1548,FY22,N,N
1549,FY20,N,N
1550,FY23,Y,Y
1551,FY24,N,Y
1552,FY24,N,N
1553,FY20,N,N
1554,FY23,N,Y
1556,FY21,Y,Y
1557,FY20,Y,Y
1558,FY21,Y,Y
1559,FY23,Y,Y
1560,FY24,N,Y
1561,FY23,N,Y
1562,FY20,N,Y
1563,FY21,N,N
1564,FY24,N,N
1565,FY23,N,N
1566,FY20,N,Y
1567,FY22,Y,Y
1569,FY20,N,Y
1571,FY22,N,N
1572,FY23,Y,Y
1575,FY21,N,N
1577,FY24,N,N
1579,FY22,Y,Y
1580,FY23,N,N
1581,FY23,N,Y
1583,FY24,N,N
1584,FY20,Y,Y
1585,FY21,N,Y
1586,FY23,Y,Y
1588,FY24,Y,Y
1591,FY21,Y,Y
1592,FY23,N,Y
1593,FY23,N,Y
1594,FY20,N,Y
1595,FY23,N,Y
1596,FY20,N,Y
1597,FY24,N,N
1598,FY21,N,Y
1599,FY23,N,Y
1600,FY23,Y,Y
1601,FY23,N,N
1602,FY20,N,Y
1603,FY21,Y,Y
1604,FY24,N,Y
1605,FY20,Y,Y
1606,FY24,N,N
1607,FY21,Y,Y
1608,FY23,N,N
1609,FY20,Y,Y
1610,FY21,N,Y
1611,FY23,Y,Y
1612,FY20,N,Y
1614,FY22,Y,Y
1615,FY24,N,Y
1616,FY20,N,N
1617,FY23,N,N
1618,FY24,Y,Y
1619,FY22,N,N
1620,FY24,Y,Y
1621,FY23,N,N
1622,FY24,Y,Y
1623,FY23,Y,Y
1625,FY22,Y,Y
1626,FY23,N,Y
1627,FY23,N,Y
1629,FY21,Y,Y
1630,FY20,Y,Y
1632,FY23,N,N
1633,FY22,Y,Y
1635,FY24,Y,Y
1636,FY23,N,Y
1639,FY22,N,Y
1640,FY22,Y,Y
1641,FY20,N,N
1642,FY21,N,Y
1645,FY20,N,Y
1646,FY24,N,Y
1647,FY21,Y,Y
1648,FY20,N,N
1649,FY20,Y,Y
1651,FY20,N,N
1652,FY22,Y,Y
1653,FY21,N,Y
1654,FY21,Y,Y
1655,FY21,N,N
1656,FY21,Y,Y
1659,FY22,N,N
1660,FY23,N,N
1662,FY23,N,Y
1663,FY24,Y,Y
1664,FY21,Y,Y
1665,FY24,N,Y
1666,FY20,N,N
1667,FY23,N,Y
1669,FY24,Y,Y
1670,FY22,Y,Y
1671,FY20,N,N
1672,FY21,N,Y
1673,FY21,Y,Y
1675,FY23,N,Y
1676,FY24,N,Y
1677,FY23,N,Y
1678,FY23,N,Y
1680,FY24,Y,Y
1681,FY21,N,N
1682,FY20,N,Y
1683,FY24,Y,Y
1684,FY20,N,N
1686,FY24,N,N
1687,FY21,N,N
1688,FY21,Y,Y
1689,FY23,Y,Y
1690,FY22,N,N
1692,FY20,N,N
1693,FY22,N,N
1695,FY22,Y,Y
1696,FY24,N,Y
1697,FY21,N,Y
1698,FY21,Y,Y
1699,FY21,N,N
1700,FY20,N,Y
1701,FY23,Y,Y
1702,FY21,N,Y
1704,FY20,N,N
1706,FY20,Y,Y
1707,FY24,N,N
1709,FY23,Y,Y
1710,FY24,N,N
1711,FY21,N,N
1712,FY21,N,Y
1713,FY20,Y,Y
1715,FY20,N,N
1716,FY22,Y,Y
1717,FY21,N,N
1718,FY22,N,Y
1719,FY24,Y,Y
1720,FY22,Y,Y
1722,FY22,Y,Y
1723,FY22,N,N
1724,FY24,Y,Y
1726,FY22,N,Y
1727,FY24,Y,Y
1728,FY20,N,N
1729,FY22,Y,Y
1730,FY24,Y,Y
1731,FY24,N,N
1732,FY22,Y,Y
1733,FY21,N,Y
1734,FY23,N,Y
1735,FY22,N,Y
1736,FY23,N,N
1738,FY24,N,Y
1739,FY24,N,Y
1740,FY24,Y,Y
1742,FY20,N,Y
1743,FY21,N,N
1744,FY20,Y,Y
1745,FY24,N,N
1747,FY22,N,Y
1748,FY24,N,Y
1750,FY20,Y,Y
1751,FY23,N,Y
1752,FY21,N,N
1753,FY21,Y,Y
1754,FY21,Y,Y
1756,FY20,Y,Y
1757,FY22,Y,Y
1758,FY24,N,Y
1760,FY22,N,Y
1761,FY23,Y,Y
1763,FY24,N,N
1764,FY20,Y,Y
1765,FY21,N,N
1766,FY24,Y,Y
1768,FY22,N,Y
1769,FY24,N,Y
1772,FY24,N,Y
1773,FY23,Y,Y
1774,FY22,N,Y
1775,FY22,N,N
1776,FY23,N,Y
1777,FY21,N,Y
1778,FY24,N,Y
1779,FY24,Y,Y
1780,FY21,N,Y
1781,FY24,N,N
1783,FY22,Y,Y
1787,FY23,N,N
1788,FY24,Y,Y
1789,FY20,Y,Y
1792,FY24,N,Y
1793,FY20,N,Y
1794,FY24,N,Y
1795,FY20,N,N
1796,FY22,Y,Y
1797,FY20,Y,Y
1798,FY21,N,N
1799,FY21,N,Y
1800,FY24,N,Y
1801,FY22,Y,Y
1802,FY24,N,N
1803,FY22,Y,Y
1804,FY22,N,Y
1806,FY21,Y,Y
1807,FY20,N,Y
1808,FY21,N,N
1809,FY23,N,N
1811,FY20,Y,Y
1812,FY24,Y,Y
1813,FY21,Y,Y
1814,FY21,N,N
1815,FY23,N,N
1816,FY21,Y,Y
1818,FY22,N,N
1819,FY22,N,Y
1820,FY24,Y,Y
1821,FY22,Y,Y
1823,FY22,N,N
1825,FY24,Y,Y
1826,FY22,Y,Y
1827,FY21,N,N
1828,FY21,N,N
1831,FY20,Y,Y
1832,FY21,N,N
1833,FY21,N,Y
1834,FY20,N,N
1835,FY23,Y,Y
1836,FY23,Y,Y
1837,FY21,N,Y
1838,FY21,Y,Y
1839,FY20,Y,Y
1840,FY23,Y,Y
1841,FY20,Y,Y
1842,FY21,Y,Y
1843,FY21,N,N
1844,FY22,Y,Y
1845,FY23,Y,Y
1846,FY21,N,Y
1847,FY24,N,N
1848,FY20,N,Y
1851,FY23,N,N
1852,FY20,Y,Y
1853,FY22,N,Y
1855,FY22,N,Y
1856,FY23,Y,Y
1857,FY20,Y,Y
1858,FY20,N,Y
1861,FY22,Y,Y
1862,FY21,Y,Y
1863,FY23,N,N
1864,FY20,Y,Y
1865,FY20,N,Y
1866,FY24,N,N
1868,FY20,N,Y
1869,FY22,Y,Y
1870,FY20,Y,Y
1872,FY24,N,Y
1873,FY20,Y,Y
1874,FY20,N,N
1875,FY23,N,Y
1876,FY24,Y,Y
1877,FY23,Y,Y
1878,FY23,N,N
1879,FY23,N,Y
1881,FY23,Y,Y
1882,FY22,N,N
1885,FY21,Y,Y
1886,FY23,N,N
1887,FY21,N,Y
1888,FY24,N,Y
1889,FY24,Y,Y
1890,FY22,N,Y
1892,FY22,N,Y
1893,FY21,Y,Y
1894,FY20,N,N
1895,FY22,N,N
1896,FY23,Y,Y
1897,FY23,Y,Y
1899,FY24,N,N
1901,FY23,N,Y
1902,FY24,N,N
1903,FY21,Y,Y
1904,FY24,Y,Y
1905,FY20,N,N
1906,FY21,N,Y
1907,FY21,Y,Y
1909,FY23,N,N
1910,FY22,N,Y
1911,FY24,Y,Y
1913,FY21,N,Y
1914,FY20,N,Y
1915,FY22,Y,Y
1916,FY22,N,N
1917,FY21,Y,Y
1918,FY20,Y,Y
1919,FY24,N,Y
1920,FY20,N,N
1921,FY22,N,N
1922,FY24,Y,Y
1923,FY20,Y,Y
1925,FY24,N,N
1926,FY22,Y,Y
1927,FY20,Y,Y
1928,FY20,Y,Y
1929,FY23,N,Y
1930,FY24,N,N
1931,FY22,N,Y
1932,FY21,N,Y
1933,FY23,N,Y
1934,FY20,Y,Y
1935,FY24,N,Y
1936,FY24,Y,Y
1937,FY21,Y,Y
1938,FY20,Y,Y
1939,FY24,Y,Y
1940,FY20,N,Y
1941,FY24,Y,Y
1942,FY21,N,Y
1943,FY20,N,Y
1945,FY21,N,Y
1946,FY22,Y,Y
1948,FY24,N,Y
1950,FY21,Y,Y
1952,FY20,N,Y
1953,FY21,Y,Y
1954,FY24,N,Y
1955,FY22,N,N
1956,FY23,N,Y
1957,FY24,Y,Y
1958,FY21,N,N
1959,FY20,Y,Y
1960,FY24,Y,Y
1961,FY20,N,Y
1962,FY21,N,Y
1963,FY24,Y,Y
1964,FY23,Y,Y
1966,FY20,Y,Y
1967,FY20,Y,Y
1968,FY21,N,N
1969,FY22,Y,Y
1970,FY22,Y,Y
1971,FY20,N,Y
1973,FY22,N,Y
1974,FY20,N,N
1975,FY22,Y,Y
1976,FY22,N,N
1977,FY21,N,Y
1978,FY24,N,Y
1979,FY22,Y,Y
1980,FY20,N,N
1981,FY22,N,Y
1983,FY21,Y,Y
1985,FY23,Y,Y
1987,FY23,Y,Y
1989,FY23,Y,Y
1990,FY20,N,Y
1991,FY24,Y,Y
1992,FY23,Y,Y
1993,FY22,N,Y
1994,FY20,N,Y
1995,FY23,Y,Y
1996,FY20,Y,Y
1997,FY21,N,Y
1998,FY22,N,Y
1999,FY20,N,Y
2000,FY21,N,N
2002,FY23,Y,Y
2004,FY22,Y,Y
2005,FY23,N,N
2006,FY20,N,N
2008,FY21,Y,Y
2009,FY21,N,Y
2010,FY20,N,Y
2011,FY22,Y,Y
2012,FY23,N,Y
2013,FY20,Y,Y
2014,FY20,Y,Y
2015,FY23,N,Y
2016,FY21,N,N
2017,FY24,N,N
2018,FY23,Y,Y
2019,FY21,N,N
2020,FY23,Y,Y
2021,FY22,N,N
2022,FY24,N,N
2023,FY22,Y,Y
2025,FY21,Y,Y
2026,FY23,N,N
2027,FY24,N,Y
2028,FY20,Y,Y
2030,FY22,N,N
2032,FY20,N,Y
2033,FY24,N,N
2034,FY24,Y,Y
2035,FY21,N,N
2036,FY20,Y,Y
2037,FY21,N,N
2038,FY24,Y,Y
2039,FY24,Y,Y
2040,FY20,N,Y
2041,FY24,Y,Y
2042,FY21,N,N
2044,FY21,Y,Y
2046,FY24,N,Y
2047,FY23,N,N
2049,FY20,N,N
2051,FY23,N,Y
2054,FY23,N,Y
2056,FY21,Y,Y
2057,FY22,Y,Y
2059,FY20,N,Y
2060,FY22,N,Y
2063,FY21,N,Y
2064,FY23,N,N
2066,FY21,N,Y
2067,FY21,Y,Y
2068,FY24,N,N
2069,FY21,N,N
2070,FY22,Y,Y
2072,FY21,N,N
2074,FY24,N,Y
2075,FY21,N,N
2076,FY21,N,N
2077,FY20,N,N
2078,FY22,N,N
2079,FY23,N,Y
2080,FY21,N,Y
2081,FY21,Y,Y
2082,FY24,Y,Y
2083,FY20,Y,Y
2084,FY23,N,N
2085,FY22,N,Y
2086,FY21,N,N
2087,FY20,N,N
2089,FY21,N,N
2090,FY23,Y,Y
2091,FY24,N,Y
2092,FY20,Y,Y
2093,FY22,N,N
2094,FY24,Y,Y
2096,FY21,N,N
2097,FY20,Y,Y
2098,FY20,N,Y
2100,FY22,N,Y
2101,FY24,Y,Y
2102,FY21,N,Y
2103,FY20,Y,Y
2104,FY20,N,N
2105,FY21,N,Y
2106,FY22,N,Y
2108,FY20,Y,Y
2109,FY20,Y,Y
2110,FY23,N,Y
2111,FY20,N,Y
2113,FY21,N,N
2114,FY21,Y,Y
2115,FY21,N,Y
2116,FY23,Y,Y
2117,FY24,N,Y
2118,FY20,N,N
2119,FY23,N,N
2120,FY23,N,Y
2121,FY22,N,Y
2122,FY24,N,N
2123,FY20,Y,Y
2124,FY22,Y,Y
2125,FY23,N,N
2126,FY23,N,N
2127,FY23,N,N
2131,FY21,N,N
2132,FY21,N,Y
2133,FY23,N,N
2134,FY24,Y,Y
2135,FY23,Y,Y
2136,FY21,Y,Y
2138,FY20,N,N
2139,FY23,Y,Y
2140,FY23,Y,Y
2141,FY24,N,N
2142,FY21,Y,Y
2143,FY22,Y,Y
2144,FY22,Y,Y
2145,FY23,Y,Y
2147,FY23,Y,Y
2148,FY22,N,N
2151,FY20,Y,Y
2153,FY23,Y,Y
2155,FY23,N,Y
2156,FY23,Y,Y
2157,FY20,N,Y
2159,FY23,N,N
2160,FY23,N,N
2162,FY22,Y,Y
2163,FY24,Y,Y
2164,FY21,Y,Y
2166,FY24,N,Y
2167,FY21,N,N
2168,FY20,N,N
2169,FY24,Y,Y
2170,FY24,Y,Y
2172,FY23,Y,Y
2173,FY23,Y,Y
2174,FY22,N,Y
2175,FY24,Y,Y
2176,FY20,Y,Y
2178,FY23,N,N
2179,FY24,N,N
2180,FY23,N,N
2182,FY24,N,Y
2184,FY20,N,Y
2187,FY23,N,N
2188,FY20,N,N
2189,FY23,N,Y
2190,FY24,N,Y
2191,FY21,Y,Y
2192,FY20,Y,Y
2193,FY20,N,Y
2195,FY22,Y,Y
2196,FY23,N,Y
2197,FY23,N,N
2198,FY20,N,N
2200,FY22,N,N
2201,FY23,N,Y
2202,FY21,Y,Y
2203,FY22,N,N
2204,FY22,Y,Y
2205,FY21,Y,Y
2206,FY20,Y,Y
2207,FY22,Y,Y
2208,FY23,Y,Y
2209,FY22,Y,Y
2211,FY21,Y,Y
2213,FY21,N,Y
2214,FY24,Y,Y
2215,FY21,Y,Y
2216,FY23,Y,Y
2217,FY24,N,Y
2218,FY22,N,Y
2219,FY21,N,N
2221,FY24,N,N
2222,FY23,N,Y
2223,FY20,N,N
2225,FY22,Y,Y
2226,FY23,N,Y
2227,FY24,N,N
2228,FY21,N,N
2229,FY20,N,Y
2230,FY20,Y,Y
2231,FY23,Y,Y
2232,FY20,N,N
2233,FY21,Y,Y
2234,FY23,N,N
2235,FY23,N,N
2236,FY24,Y,Y
2237,FY23,Y,Y
2238,FY20,N,N
2239,FY21,N,N
2241,FY20,Y,Y
2242,FY22,N,N
2243,FY21,N,Y
2244,FY21,N,Y
2245,FY24,N,Y
2246,FY23,Y,Y
2247,FY23,N,Y
2249,FY21,N,N
2250,FY23,Y,Y
2251,FY20,Y,Y
2252,FY22,Y,Y
2253,FY20,N,Y
2254,FY21,Y,Y
2256,FY23,N,N
2257,FY21,Y,Y
2258,FY21,N,N
2259,FY24,N,N
2260,FY24,Y,Y
2261,FY20,N,N
2263,FY24,N,Y
2264,FY24,N,N
2266,FY20,Y,Y
2267,FY20,Y,Y
2268,FY20,Y,Y
2270,FY21,N,N
2271,FY21,N,Y
2272,FY22,N,N
2274,FY24,Y,Y
2275,FY24,Y,Y
2276,FY23,Y,Y
2277,FY22,Y,Y
2278,FY23,Y,Y
2279,FY21,N,Y
2280,FY24,N,Y
2281,FY24,N,N
2282,FY23,N,Y
2283,FY24,N,Y
2285,FY20,N,N
2286,FY22,N,N
2287,FY22,Y,Y
2288,FY20,Y,Y
2289,FY22,Y,Y
2290,FY24,N,Y
2291,FY21,N,N
2292,FY22,N,Y
2293,FY21,N,N
2294,FY22,Y,Y
2297,FY21,N,Y
2299,FY23,Y,Y
2300,FY23,N,Y
2301,FY20,N,N
2302,FY22,N,N
2303,FY24,N,Y
2304,FY22,Y,Y
2305,FY22,Y,Y
2306,FY22,Y,Y
2307,FY20,Y,Y
2308,FY21,Y,Y
2309,FY21,N,N
2310,FY23,Y,Y
2311,FY24,N,Y
2312,FY23,N,N
2313,FY23,Y,Y
2314,FY20,Y,Y
2317,FY22,N,N
2318,FY21,N,Y
2319,FY21,Y,Y
2320,FY21,N,N
2321,FY23,N,N
2322,FY20,N,Y
2323,FY24,N,N
2324,FY23,Y,Y
2325,FY20,N,Y
2327,FY23,N,Y
2328,FY20,Y,Y
2329,FY22,N,N
2331,FY22,N,Y
2332,FY23,Y,Y
2334,FY23,N,Y
2335,FY24,N,Y
2337,FY20,N,N
2338,FY21,Y,Y
2339,FY20,N,N
2340,FY21,Y,Y
2342,FY22,Y,Y
2343,FY20,N,Y
2344,FY21,N,Y
2345,FY22,N,N
2346,FY20,Y,Y
2347,FY24,N,N
2348,FY21,N,N
2349,FY20,N,N
2350,FY21,N,Y
2351,FY21,N,Y
2352,FY22,N,Y
2353,FY20,N,Y
2354,FY20,Y,Y
2355,FY24,N,Y
2356,FY20,N,Y
2357,FY20,N,N
2358,FY20,N,Y
2359,FY24,Y,Y
2360,FY22,Y,Y
2362,FY22,N,N
2363,FY23,Y,Y
2364,FY22,Y,Y
2367,FY23,Y,Y
2368,FY21,Y,Y
2369,FY20,N,Y
2370,FY20,N,Y
2371,FY22,N,N
2373,FY23,N,N
2374,FY21,N,N
2376,FY22,N,N
2377,FY20,N,N
2378,FY21,N,N
2379,FY23,N,Y
2380,FY20,N,N
2381,FY22,N,N
2383,FY22,N,Y
2384,FY21,Y,Y
2385,FY24,N,N
2386,FY21,N,N
2387,FY23,N,N
2388,FY23,N,Y
2389,FY23,N,Y
2391,FY21,N,N
2392,FY23,Y,Y
2393,FY22,Y,Y
2394,FY22,N,Y
2396,FY20,N,N
2397,FY24,N,N
2398,FY21,Y,Y
2399,FY24,N,Y
2401,FY24,N,Y
2402,FY22,N,Y
2403,FY21,Y,Y
2404,FY22,Y,Y
2405,FY21,N,N
2406,FY20,N,N
2407,FY22,N,Y
2408,FY21,Y,Y
2409,FY21,Y,Y
2410,FY20,N,N
2411,FY22,N,N
2412,FY23,N,N
2414,FY20,Y,Y
2416,FY23,N,N
2417,FY21,N,N
2418,FY22,N,Y
2419,FY24,N,Y
2420,FY20,Y,Y
2421,FY24,N,Y
2422,FY21,N,N
2423,FY23,N,N
2425,FY24,Y,Y
2426,FY24,N,Y
2427,FY21,Y,Y
2428,FY21,Y,Y
2429,FY20,Y,Y
2431,FY21,Y,Y
2432,FY22,Y,Y
2433,FY23,N,N
2434,FY20,N,Y
2435,FY20,N,N
2436,FY22,N,Y
2437,FY20,Y,Y
2438,FY20,N,Y
2439,FY22,N,N
2440,FY20,N,N
2441,FY24,Y,Y
2442,FY21,Y,Y
2443,FY22,N,Y
2444,FY23,Y,Y
2445,FY22,N,N
2446,FY22,N,N
2447,FY23,N,Y
2448,FY21,N,Y
2449,FY22,N,N
2451,FY20,Y,Y
2453,FY22,N,Y
2454,FY22,Y,Y
2455,FY23,Y,Y
2456,FY21,Y,Y
2458,FY23,Y,Y
2459,FY21,Y,Y
2460,FY24,Y,Y
2461,FY21,Y,Y
2462,FY21,N,N
2463,FY21,N,N
2465,FY23,Y,Y
2466,FY23,Y,Y
2467,FY22,N,N
2470,FY22,Y,Y
2473,FY24,Y,Y
2474,FY20,N,Y
2475,FY21,Y,Y
2476,FY23,N,Y
2477,FY23,N,N
2478,FY24,Y,Y
2479,FY23,N,Y
2480,FY20,N,N
2481,FY22,N,Y
2482,FY20,Y,Y
2484,FY20,Y,Y
2485,FY21,Y,Y
2486,FY24,N,N
2487,FY23,Y,Y
2488,FY20,N,Y
2489,FY23,N,Y
2491,FY24,N,Y
2492,FY22,N,Y
2493,FY23,Y,Y
2494,FY21,Y,Y
2495,FY20,Y,Y
2496,FY24,Y,Y
2498,FY20,N,Y
2501,FY21,N,N
2503,FY21,Y,Y
2507,FY20,N,N
2508,FY22,Y,Y
2509,FY20,Y,Y
2510,FY21,N,N
2511,FY22,Y,Y
2513,FY23,N,Y
2514,FY23,N,Y
2515,FY24,Y,Y
2516,FY20,Y,Y
2517,FY24,Y,Y
2518,FY20,N,N
2519,FY22,Y,Y
2520,FY24,N,Y
2521,FY22,N,N
2523,FY22,N,N
2524,FY22,Y,Y
2525,FY20,Y,Y
2526,FY24,Y,Y
2527,FY20,Y,Y
2528,FY23,N,N
2530,FY20,N,N
2532,FY22,Y,Y
2533,FY22,Y,Y
2534,FY20,N,N
2535,FY21,Y,Y
2536,FY21,Y,Y
2537,FY20,N,N
2538,FY20,Y,Y
2539,FY21,Y,Y
2540,FY20,N,Y
2542,FY24,Y,Y
2544,FY21,N,N
2545,FY21,N,Y
2546,FY20,N,Y
2547,FY20,N,Y
2548,FY20,Y,Y
2549,FY21,Y,Y
2550,FY21,Y,Y
2551,FY20,Y,Y
2552,FY24,Y,Y
2553,FY24,Y,Y
2554,FY22,N,N
2555,FY22,N,Y
2556,FY20,N,Y
2557,FY24,Y,Y
2558,FY22,N,Y
2559,FY21,Y,Y
2560,FY22,Y,Y
2561,FY21,N,N
2562,FY24,Y,Y
2563,FY24,N,N
2564,FY23,N,N
2566,FY24,N,Y
2567,FY24,Y,Y
2568,FY22,N,N
2571,FY23,Y,Y
2572,FY24,N,N
2573,FY23,N,N
2575,FY22,Y,Y
2576,FY21,N,N
2577,FY24,Y,Y
2578,FY23,N,N
2579,FY23,N,Y
2580,FY20,N,N
2581,FY24,N,Y
2585,FY20,Y,Y
2587,FY24,N,N
2588,FY20,Y,Y
2589,FY22,Y,Y
2590,FY24,Y,Y
2591,FY20,Y,Y
2592,FY22,Y,Y
2593,FY22,N,N
2594,FY24,N,N
2595,FY21,N,Y
2596,FY24,N,N
2597,FY21,Y,Y
2598,FY21,Y,Y
2601,FY21,N,Y
2602,FY20,N,Y
2603,FY22,N,N
2604,FY24,Y,Y
2606,FY21,Y,Y
2607,FY21,N,N
2608,FY21,Y,Y
2610,FY20,N,Y
2612,FY20,Y,Y
2613,FY20,Y,Y
2614,FY21,N,N
2615,FY22,Y,Y
2616,FY20,Y,Y
2617,FY24,Y,Y
2618,FY24,Y,Y
2619,FY24,N,N
2620,FY24,Y,Y
2622,FY22,Y,Y
2624,FY23,N,N
2625,FY21,N,N
2626,FY21,N,Y
2627,FY22,N,N
2628,FY24,Y,Y
2631,FY21,N,N
2634,FY20,N,Y
2635,FY24,Y,Y
2637,FY23,N,Y
2638,FY22,Y,Y
2639,FY22,Y,Y
2640,FY22,N,Y
2641,FY21,N,N
2642,FY21,N,Y
2643,FY22,Y,Y
2644,FY24,N,Y
2645,FY21,Y,Y
2647,FY21,Y,Y
2649,FY23,Y,Y
2650,FY23,N,N
2651,FY23,Y,Y
2652,FY22,Y,Y
2653,FY23,N,N
2654,FY21,N,Y
2655,FY23,Y,Y
2656,FY20,Y,Y
2657,FY21,N,N
2658,FY24,Y,Y
2660,FY21,Y,Y
2661,FY22,N,Y
2663,FY22,N,N
2664,FY21,N,Y
2665,FY21,N,N
2667,FY24,N,Y
2668,FY24,N,Y
2669,FY23,N,Y
2670,FY22,N,Y
2671,FY24,N,N
2672,FY22,N,Y
2673,FY24,Y,Y
2674,FY22,N,N
2675,FY21,N,N
2676,FY24,N,Y
2677,FY23,Y,Y
2680,FY23,Y,Y
2682,FY23,Y,Y
2683,FY20,Y,Y
2686,FY21,N,N
2688,FY21,N,Y
2691,FY23,N,N
2692,FY23,N,Y
2693,FY21,N,Y
2694,FY24,N,Y
2695,FY20,Y,Y
2696,FY20,N,N
2697,FY21,Y,Y
2698,FY21,N,Y
2699,FY23,N,N
2701,FY21,Y,Y
2702,FY20,N,Y
2703,FY21,N,Y
2704,FY24,N,Y
2705,FY23,Y,Y
2706,FY23,N,Y
2707,FY21,N,N
2708,FY24,N,N
2709,FY20,N,Y
2710,FY20,N,N
2711,FY22,Y,Y
2713,FY24,Y,Y
2714,FY20,N,N
2715,FY23,Y,Y
2716,FY21,N,Y
2717,FY22,Y,Y
2718,FY24,Y,Y
2719,FY22,N,Y
2721,FY24,Y,Y
2722,FY20,Y,Y
2723,FY20,N,Y
2724,FY23,N,Y
2725,FY21,N,Y
2727,FY22,Y,Y
2730,FY21,Y,Y
2731,FY23,N,Y
2732,FY22,N,N
2733,FY21,N,Y
2734,FY21,N,Y
2735,FY24,Y,Y
2736,FY23,N,Y
2737,FY24,Y,Y
2738,FY24,N,N
2739,FY20,N,N
2740,FY24,N,Y
2741,FY20,N,Y
2742,FY21,N,N
2745,FY20,Y,Y
2747,FY21,Y,Y
2748,FY24,Y,Y
2749,FY22,Y,Y
2750,FY23,Y,Y
2754,FY20,N,N
2755,FY21,Y,Y
2756,FY23,N,Y
2758,FY20,Y,Y
2759,FY24,N,Y
2760,FY24,Y,Y
2762,FY20,Y,Y
2763,FY23,N,Y
2764,FY23,N,Y
2765,FY21,N,Y
2766,FY24,N,Y
2767,FY21,Y,Y
2768,FY22,N,Y
2769,FY22,N,N
2770,FY20,Y,Y
2771,FY20,N,N
2772,FY21,N,Y
2773,FY20,N,Y
2774,FY20,Y,Y
2775,FY20,N,Y
2776,FY20,Y,Y
2777,FY22,N,Y
2778,FY22,N,N
2779,FY24,Y,Y
2781,FY23,Y,Y
2782,FY20,N,Y
2783,FY23,N,Y
2784,FY23,Y,Y
2785,FY21,N,Y
2786,FY24,Y,Y
2787,FY20,N,Y
2788,FY21,Y,Y
2789,FY22,Y,Y
2790,FY23,Y,Y
2791,FY23,Y,Y
2792,FY23,N,N
2793,FY21,Y,Y
2794,FY24,N,Y
2795,FY21,Y,Y
2796,FY22,N,Y
2797,FY21,Y,Y
2798,FY24,N,Y
2799,FY22,Y,Y
2800,FY20,N,N
2801,FY20,N,Y
2802,FY23,N,Y
2803,FY23,N,N
2804,FY23,N,N
2805,FY20,N,N
2806,FY22,N,N
2807,FY23,Y,Y
2809,FY22,Y,Y
2811,FY20,Y,Y
2812,FY20,Y,Y
2813,FY24,Y,Y
2814,FY21,N,N
2815,FY24,Y,Y
2816,FY22,Y,Y
2817,FY23,N,N
2820,FY21,Y,Y
2821,FY20,N,N
2822,FY21,Y,Y
2823,FY24,N,Y
2824,FY23,N,N
2825,FY24,N,Y
2828,FY24,Y,Y
2830,FY20,N,Y
2831,FY24,N,N
2832,FY20,Y,Y
2834,FY21,Y,Y
2835,FY23,Y,Y
2836,FY20,Y,Y
2837,FY21,N,Y
2838,FY24,Y,Y
2839,FY24,Y,Y
2840,FY22,N,Y
2841,FY22,Y,Y
2842,FY21,N,Y
2843,FY23,Y,Y
2845,FY24,N,Y
2846,FY22,N,N
2847,FY21,N,Y
2848,FY21,Y,Y
2850,FY22,N,Y
2852,FY22,N,Y
2854,FY23,Y,Y
2856,FY22,N,N
2857,FY20,N,N
2858,FY22,N,Y
2861,FY23,N,Y
2862,FY24,N,N
2863,FY21,N,N
2864,FY24,Y,Y
2865,FY22,N,N
2866,FY23,N,Y
2867,FY23,N,Y
2868,FY20,Y,Y
2869,FY21,Y,Y
2870,FY21,Y,Y
2872,FY24,N,Y
2874,FY20,N,N
2875,FY24,Y,Y
2877,FY20,N,N
2878,FY21,N,N
2879,FY22,Y,Y
2880,FY22,N,Y
2881,FY24,N,N
2882,FY22,N,Y
2883,FY23,N,N
2884,FY23,Y,Y
2886,FY24,N,N
2888,FY24,Y,Y
2889,FY20,N,Y
2890,FY22,Y,Y
2891,FY22,Y,Y
2892,FY22,N,Y
2894,FY20,Y,Y
2895,FY22,N,Y
2896,FY22,Y,Y
2897,FY23,Y,Y
2900,FY20,N,N
2901,FY21,N,N
2902,FY24,N,N
2903,FY22,Y,Y
2904,FY22,N,N
2906,FY24,N,Y
2907,FY24,Y,Y
2909,FY22,Y,Y
2910,FY24,N,N
2911,FY21,Y,Y
2912,FY23,N,Y
2913,FY24,N,N
2914,FY23,N,Y
2915,FY20,N,N
2916,FY24,N,N
2917,FY20,N,N
2918,FY24,N,N
2919,FY22,N,Y
2920,FY22,N,Y
2921,FY24,N,N
2922,FY22,Y,Y
2923,FY20,N,Y
2924,FY24,N,Y
2926,FY22,N,Y
2927,FY21,N,Y
2928,FY20,N,N
2929,FY20,N,Y
2931,FY21,Y,Y
2932,FY23,N,Y
2933,FY21,N,N
2934,FY24,Y,Y
2935,FY24,N,Y
2937,FY22,Y,Y
2938,FY22,N,N
2939,FY24,Y,Y
2940,FY24,N,Y
2941,FY20,Y,Y
2942,FY21,Y,Y
2943,FY23,N,N
2944,FY23,Y,Y
2945,FY23,Y,Y
2946,FY24,Y,Y
2947,FY20,Y,Y
2948,FY21,Y,Y
2949,FY24,N,Y
2950,FY21,N,N
2951,FY20,N,N
2952,FY21,N,Y
2953,FY23,N,N
2954,FY24,Y,Y
2955,FY24,Y,Y
2956,FY22,Y,Y
2957,FY24,N,N
2958,FY21,Y,Y
2959,FY20,N,N
2960,FY23,N,Y
2961,FY22,N,Y
2962,FY21,N,N
2964,FY22,N,N
2965,FY24,N,Y
2966,FY22,N,Y
2967,FY20,Y,Y
2968,FY24,N,N
2970,FY20,N,N
2971,FY24,N,Y
2972,FY21,N,N
2974,FY20,N,N
2975,FY22,N,N
2976,FY23,N,N
2977,FY24,N,N
2978,FY24,Y,Y
2979,FY22,N,Y
2980,FY23,Y,Y
2981,FY22,N,Y
2982,FY21,N,Y
2983,FY22,N,N
2985,FY20,Y,Y
2986,FY24,N,Y
2988,FY23,N,N
2990,FY20,N,Y
2991,FY21,N,N
2992,FY24,N,Y
2993,FY23,Y,Y
2996,FY22,N,Y
2997,FY23,N,Y
2998,FY24,N,N
2999,FY22,Y,Y
3000,FY21,N,Y
3001,FY23,N,Y
3002,FY21,Y,Y
3003,FY24,Y,Y
3004,FY21,N,Y
3005,FY21,N,Y
3006,FY22,N,Y
3007,FY21,N,N
3008,FY23,N,Y
3009,FY20,Y,Y
3010,FY22,N,N
3011,FY21,N,N
3012,FY24,N,N
3013,FY20,Y,Y
3014,FY22,Y,Y
3015,FY23,N,N
3017,FY21,Y,Y
3018,FY23,Y,Y
3019,FY23,N,N
3020,FY23,Y,Y
3021,FY22,N,Y
3022,FY21,Y,Y
3023,FY20,Y,Y
3024,FY23,Y,Y
3025,FY23,N,Y
3027,FY23,N,N
3028,FY24,Y,Y
3029,FY21,Y,Y
3030,FY22,N,Y
3031,FY24,Y,Y
3032,FY24,Y,Y
3033,FY23,Y,Y
3034,FY24,N,N
3035,FY20,Y,Y
3036,FY24,N,Y
3038,FY21,Y,Y
3040,FY21,Y,Y
3041,FY24,Y,Y
3042,FY23,Y,Y
3043,FY24,N,N
3044,FY21,Y,Y
3045,FY24,Y,Y
3046,FY22,N,N
3047,FY21,N,Y
3050,FY20,Y,Y
3051,FY23,N,N
3052,FY23,Y,Y
3053,FY23,N,N
3054,FY24,N,Y
3055,FY24,N,Y
3056,FY23,Y,Y
3057,FY20,Y,Y
3059,FY20,Y,Y
3060,FY24,N,Y
3061,FY24,Y,Y
3062,FY22,N,N
3063,FY23,N,Y
3064,FY23,Y,Y
3065,FY20,N,Y
3066,FY20,Y,Y
3068,FY20,N,N
3070,FY21,N,N
3071,FY20,N,N
3072,FY20,N,N
3074,FY22,N,Y
3075,FY21,Y,Y
3076,FY20,Y,Y
3077,FY22,Y,Y
3078,FY22,Y,Y
3079,FY22,N,Y
3080,FY21,N,Y
3081,FY23,N,N
3082,FY21,N,N
3083,FY20,Y,Y
3084,FY20,N,N
3086,FY24,Y,Y
3087,FY23,N,N
3089,FY22,Y,Y
3090,FY24,N,N
3091,FY24,N,Y
3092,FY23,Y,Y
3094,FY24,Y,Y
3096,FY21,N,N
3097,FY20,N,N
3098,FY22,N,Y
3099,FY23,N,N
3100,FY20,N,Y
3101,FY24,N,N
3102,FY24,Y,Y
3103,FY23,Y,Y
3104,FY20,N,Y
3105,FY23,Y,Y
3106,FY21,N,Y
3107,FY21,N,N
3108,FY24,N,N
3109,FY24,N,N
3110,FY20,Y,Y
3111,FY24,Y,Y
3113,FY20,N,Y
3114,FY22,Y,Y
3115,FY22,N,N
3116,FY22,N,N
3117,FY22,Y,Y
3118,FY23,Y,Y
3119,FY24,Y,Y
3120,FY21,N,N
3121,FY24,N,Y
3122,FY21,Y,Y
3123,FY21,Y,Y
3125,FY22,N,Y
3127,FY21,N,N
3128,FY24,N,Y
3131,FY24,Y,Y
3132,FY20,Y,Y
3133,FY20,Y,Y
3134,FY24,N,Y
3135,FY24,Y,Y
3138,FY21,N,Y
3139,FY22,N,Y
3141,FY21,Y,Y
3142,FY21,Y,Y
3144,FY22,Y,Y
3145,FY23,Y,Y
3146,FY20,Y,Y
3147,FY22,N,Y
3149,FY23,N,Y
3150,FY21,N,Y
3151,FY21,Y,Y
3152,FY23,Y,Y
3153,FY24,Y,Y
3154,FY24,N,Y
3155,FY20,N,N
3156,FY24,N,Y
3157,FY20,N,N
3158,FY24,N,N
3159,FY24,Y,Y
3162,FY20,N,N
3163,FY22,Y,Y
3164,FY22,Y,Y
3165,FY23,N,Y
3166,FY24,N,Y
3167,FY20,N,N
3168,FY21,N,N
3169,FY23,Y,Y
3170,FY23,N,Y
3172,FY22,Y,Y
3173,FY21,Y,Y
3174,FY21,Y,Y
3175,FY20,N,N
3178,FY24,N,Y
3179,FY23,Y,Y
3180,FY20,N,Y
3181,FY22,N,N
3182,FY22,Y,Y
3183,FY23,Y,Y
3185,FY20,Y,Y
3186,FY21,Y,Y
3188,FY22,Y,Y
3189,FY22,N,N
3190,FY21,Y,Y
3191,FY23,N,Y
3193,FY21,N,Y
3194,FY24,Y,Y
3195,FY20,N,Y
3196,FY24,N,Y
3197,FY23,Y,Y
3199,FY21,Y,Y
3200,FY21,N,N
3201,FY22,N,Y
3202,FY23,Y,Y
3203,FY24,Y,Y
3204,FY20,Y,Y
3205,FY21,Y,Y
3206,FY22,N,N
3207,FY20,N,N
3210,FY20,N,N
3211,FY22,Y,Y
3212,FY24,N,N
3213,FY24,N,N
3214,FY24,N,N
3215,FY20,Y,Y
3216,FY23,N,Y
3217,FY22,N,Y
3218,FY24,Y,Y
3219,FY24,N,Y
3221,FY21,Y,Y
3222,FY24,N,Y
3223,FY24,Y,Y
3225,FY21,Y,Y
3226,FY24,N,Y
3228,FY23,N,Y
3229,FY23,Y,Y
3230,FY23,N,N
3231,FY21,N,N
3232,FY20,Y,Y
3233,FY20,N,Y
3234,FY22,N,Y
3236,FY20,N,N
3237,FY20,Y,Y
3238,FY24,Y,Y
3239,FY23,Y,Y
3240,FY20,Y,Y
3241,FY24,Y,Y
3242,FY22,N,Y
3243,FY24,Y,Y
3244,FY23,N,N
3245,FY23,Y,Y
3246,FY22,Y,Y
3247,FY24,N,Y
3248,FY20,N,Y
3249,FY24,N,N
3251,FY20,N,Y
3252,FY23,N,N
3253,FY22,N,Y
3254,FY22,Y,Y
3255,FY23,N,N
3256,FY24,Y,Y
3259,FY22,Y,Y
3260,FY22,N,Y
3263,FY23,N,N
3265,FY21,Y,Y
3266,FY20,Y,Y
3267,FY23,N,Y
3268,FY23,Y,Y
3269,FY22,N,N
3270,FY24,Y,Y
3271,FY23,N,Y
3272,FY22,N,N
3273,FY22,N,N
3274,FY20,Y,Y
3275,FY24,Y,Y
3276,FY22,N,Y
3277,FY20,N,Y
3278,FY20,N,N
3279,FY23,N,N
3280,FY21,N,Y
3281,FY22,N,N
3282,FY22,N,N
3283,FY22,Y,Y
3285,FY21,N,Y
3286,FY21,Y,Y
3287,FY20,Y,Y
3288,FY20,Y,Y
3289,FY20,N,Y
3290,FY20,N,N
3291,FY23,N,N
3292,FY24,N,N
3293,FY23,N,N
3295,FY24,N,N
3298,FY24,N,Y
3299,FY21,N,Y
3300,FY21,Y,Y
3302,FY22,Y,Y
3303,FY24,Y,Y
3304,FY20,N,N
3305,FY21,Y,Y
3306,FY20,N,Y
3307,FY24,N,N
3310,FY21,Y,Y
3311,FY21,Y,Y
3312,FY22,N,N
3314,FY20,N,Y
3315,FY24,Y,Y
3316,FY21,Y,Y
3317,FY21,N,N
3318,FY21,Y,Y
3319,FY24,N,N
3320,FY20,Y,Y
3321,FY23,Y,Y
3323,FY21,Y,Y
3324,FY23,N,N
3326,FY22,N,N
3327,FY24,N,Y
3328,FY24,N,N
3329,FY24,Y,Y
3330,FY24,N,Y
3331,FY21,N,N
3332,FY21,N,N
3333,FY21,Y,Y
3335,FY20,N,N
3336,FY20,Y,Y
3337,FY24,N,Y
3338,FY20,N,N
3339,FY23,N,Y
3340,FY24,Y,Y
3341,FY21,N,Y
3342,FY22,N,N
3343,FY24,Y,Y
3344,FY22,N,Y
3345,FY22,Y,Y
3346,FY21,Y,Y
3347,FY24,Y,Y
3349,FY22,Y,Y
3350,FY23,Y,Y
3351,FY20,N,N
3352,FY24,N,N
3353,FY22,Y,Y
3354,FY24,Y,Y
3355,FY24,N,N
3356,FY21,Y,Y
3357,FY21,Y,Y
3358,FY21,N,N
3360,FY23,N,Y
3362,FY24,Y,Y
3364,FY21,Y,Y
3365,FY24,Y,Y
3366,FY24,N,N
3367,FY20,N,Y
3368,FY24,N,Y
3369,FY21,N,Y
3370,FY24,Y,Y
3371,FY22,N,Y
3372,FY21,Y,Y
3373,FY24,Y,Y
3374,FY24,N,N
3375,FY20,N,N
3376,FY24,N,N
3378,FY23,N,Y
3379,FY24,N,Y
3380,FY22,Y,Y
3381,FY20,N,Y
3382,FY23,N,N
3385,FY24,N,N
3386,FY22,N,N
3387,FY21,N,N
3388,FY22,N,Y
3389,FY22,Y,Y
3390,FY24,N,N
3392,FY23,N,Y
3394,FY20,Y,Y
3395,FY22,Y,Y
3396,FY23,Y,Y
3397,FY24,N,N
3398,FY22,N,N
3400,FY23,N,Y
3401,FY23,N,Y
3403,FY24,N,Y
3404,FY23,Y,Y
3406,FY20,N,N
3408,FY23,N,N
3409,FY24,Y,Y
3410,FY21,N,Y
3411,FY22,N,Y
3412,FY20,Y,Y
3413,FY22,Y,Y
3414,FY21,N,N
3417,FY21,Y,Y
3418,FY23,N,N
3419,FY20,Y,Y
3420,FY24,Y,Y
3421,FY20,N,Y
3423,FY24,Y,Y
3424,FY21,N,N
3425,FY24,Y,Y
3426,FY23,Y,Y
3427,FY20,N,N
3429,FY21,N,Y
3430,FY20,Y,Y
3432,FY20,Y,Y
3433,FY24,N,N
3434,FY22,N,Y
3435,FY23,Y,Y
3436,FY23,Y,Y
3438,FY22,N,Y
3439,FY23,N,N
3440,FY21,N,N
3441,FY22,Y,Y
3442,FY23,N,N
3443,FY22,N,Y
3444,FY21,N,Y
3445,FY24,N,Y
3446,FY22,Y,Y
3447,FY21,Y,Y
3448,FY20,Y,Y
3449,FY23,N,Y
3450,FY24,N,Y
3451,FY24,Y,Y
3452,FY23,N,N
3453,FY23,N,N
3454,FY23,N,Y
3455,FY22,N,N
3456,FY20,N,Y
3457,FY23,Y,Y
3459,FY23,N,N
3460,FY21,Y,Y
3461,FY23,Y,Y
3462,FY24,Y,Y
3463,FY24,Y,Y
3464,FY22,N,N
3465,FY24,N,Y
3466,FY23,N,Y
3467,FY24,Y,Y
3469,FY20,Y,Y
3470,FY20,N,Y
3471,FY22,Y,Y
3473,FY24,N,Y
3475,FY23,Y,Y
3476,FY21,Y,Y
3477,FY24,N,Y
3478,FY23,N,N
3479,FY24,Y,Y
3480,FY23,N,Y
3481,FY21,Y,Y
3482,FY23,N,Y
3484,FY21,N,Y
3485,FY22,N,Y
3486,FY21,Y,Y
3487,FY22,N,Y
3489,FY24,N,N
3490,FY23,N,N
3491,FY23,Y,Y
3492,FY21,Y,Y
3494,FY24,N,Y
3495,FY20,N,Y
3496,FY23,N,Y
3499,FY20,N,N
3500,FY21,Y,Y
3501,FY20,N,N
3502,FY23,N,N
3503,FY22,N,N
3504,FY24,Y,Y
3505,FY22,Y,Y
3506,FY21,N,N
3507,FY20,Y,Y
3508,FY20,Y,Y
3509,FY23,N,N
3510,FY21,Y,Y
3511,FY24,N,Y
3512,FY22,N,N
3513,FY20,N,Y
3515,FY22,N,N
3516,FY23,N,N
3518,FY23,Y,Y
3519,FY24,Y,Y
3520,FY23,N,N
3523,FY21,Y,Y
3524,FY24,Y,Y
3525,FY22,N,N
3527,FY24,Y,Y
3529,FY20,N,N
3530,FY21,N,Y
3532,FY23,N,Y
3533,FY22,N,Y
3534,FY21,Y,Y
3535,FY24,N,Y
3536,FY24,N,Y
3538,FY20,Y,Y
3539,FY21,N,Y
3540,FY24,Y,Y
3541,FY21,N,Y
3544,FY20,N,Y
3545,FY22,N,N
3546,FY23,N,N
3547,FY23,Y,Y
3548,FY21,N,Y
3549,FY20,Y,Y
3551,FY21,N,N
3552,FY22,N,N
3553,FY23,Y,Y
3554,FY22,Y,Y
3555,FY20,N,Y
3556,FY22,N,Y
3557,FY22,Y,Y
3559,FY24,Y,Y
3560,FY20,N,N
3562,FY21,N,N
3563,FY22,Y,Y
3564,FY21,Y,Y
3565,FY24,N,N
3566,FY23,N,Y
3567,FY22,N,Y
3568,FY20,N,N
3569,FY20,Y,Y
3570,FY21,N,N
3571,FY23,N,N
3573,FY23,N,Y
3576,FY23,Y,Y
3577,FY22,Y,Y
3578,FY24,N,Y
3579,FY22,Y,Y
3580,FY23,N,N
3583,FY22,Y,Y
3585,FY22,N,N
3588,FY21,Y,Y
3589,FY20,N,Y
3590,FY20,Y,Y
3591,FY22,N,N
3592,FY20,N,N
3593,FY24,N,N
3595,FY21,N,Y
3596,FY23,N,Y
3597,FY20,Y,Y
3599,FY20,N,Y
3600,FY21,Y,Y
3601,FY24,Y,Y
3602,FY22,N,Y
3604,FY21,Y,Y
3607,FY21,N,Y
3608,FY21,N,N
3609,FY23,Y,Y
3612,FY22,Y,Y
3613,FY23,N,N
3614,FY22,Y,Y
3615,FY22,Y,Y
3616,FY21,Y,Y
3617,FY24,N,N
3618,FY23,N,N
3619,FY22,Y,Y
3621,FY22,Y,Y
3622,FY22,Y,Y
3623,FY20,N,N
3624,FY23,N,Y
3625,FY22,Y,Y
3627,FY20,N,N
3629,FY20,N,Y
3630,FY23,N,Y
3631,FY22,Y,Y
3634,FY21,Y,Y
3635,FY23,N,Y
3636,FY23,Y,Y
3637,FY23,Y,Y
3638,FY22,Y,Y
3639,FY24,Y,Y
3640,FY20,Y,Y
3641,FY23,N,N
3642,FY20,N,Y
3643,FY24,Y,Y
3644,FY22,Y,Y
3645,FY20,N,N
3646,FY23,N,N
3647,FY22,Y,Y
3648,FY22,Y,Y
3649,FY21,Y,Y
3650,FY24,N,Y
3651,FY22,Y,Y
3652,FY21,Y,Y
3653,FY20,Y,Y
3654,FY24,N,N
3657,FY21,N,N
3658,FY21,N,Y
3659,FY20,N,Y
3660,FY24,Y,Y
3663,FY20,N,Y
3664,FY24,N,Y
3665,FY24,N,Y
3666,FY23,Y,Y
3667,FY23,N,Y
3668,FY24,Y,Y
3669,FY23,N,N
3672,FY21,N,Y
3673,FY22,Y,Y
3674,FY21,Y,Y
3676,FY22,Y,Y
3678,FY21,N,N
3679,FY20,Y,Y
3680,FY22,Y,Y
3681,FY24,N,Y
3682,FY24,N,N
3684,FY21,Y,Y
3686,FY21,N,N
3687,FY22,N,N
3688,FY22,Y,Y
3689,FY23,N,Y
3690,FY21,N,N
3691,FY22,Y,Y
3692,FY24,N,Y
3694,FY21,Y,Y
3695,FY22,N,Y
3696,FY21,N,N
3697,FY24,Y,Y
3699,FY20,Y,Y
3700,FY24,N,N
3702,FY20,Y,Y
3703,FY22,Y,Y
3705,FY20,N,N
3706,FY21,N,N
3707,FY24,Y,Y
3708,FY20,N,N
3709,FY24,N,Y
3710,FY22,Y,Y
3711,FY23,Y,Y
3712,FY21,N,N
3713,FY22,N,Y
3714,FY23,Y,Y
3716,FY20,N,N
3717,FY23,N,N
3718,FY24,N,N
3720,FY20,N,Y
3721,FY20,Y,Y
3722,FY23,N,N
3724,FY20,N,Y
3725,FY24,N,Y
3726,FY20,N,Y
3727,FY23,N,N
3728,FY22,N,Y
3730,FY24,N,N
3731,FY22,Y,Y
3732,FY22,N,N
3733,FY20,Y,Y
3734,FY22,N,N
3735,FY24,N,Y
3736,FY23,Y,Y
3737,FY20,N,N
3738,FY23,N,Y
3739,FY21,Y,Y
3740,FY21,Y,Y
3741,FY24,N,N
3742,FY23,Y,Y
3743,FY22,N,N
3744,FY20,N,Y
3746,FY24,Y,Y
3747,FY21,Y,Y
3748,FY23,N,N
3749,FY24,Y,Y
3750,FY21,N,N
3751,FY20,Y,Y
3752,FY21,N,N
3753,FY20,Y,Y
3755,FY22,N,Y
3757,FY24,N,Y
3758,FY22,N,N
3759,FY20,Y,Y
3760,FY21,N,N
3761,FY22,N,Y
3762,FY24,Y,Y
3763,FY20,N,Y
3764,FY21,Y,Y
3765,FY20,N,N
3766,FY21,Y,Y
3767,FY21,N,N
3768,FY21,Y,Y
3769,FY21,Y,Y
3770,FY24,N,N
3772,FY20,Y,Y
3773,FY21,Y,Y
3774,FY20,N,N
3775,FY21,N,Y
3776,FY23,N,Y
3777,FY24,Y,Y
3778,FY23,N,N
3779,FY20,N,N
3780,FY23,Y,Y
3781,FY24,Y,Y
3782,FY23,Y,Y
3783,FY21,N,Y
3784,FY23,N,Y
3785,FY21,N,N
3786,FY21,N,Y
3787,FY20,Y,Y
3788,FY20,N,N
3789,FY21,Y,Y
3790,FY20,N,Y
3791,FY21,N,Y
3792,FY21,N,N
3793,FY20,N,N
3795,FY24,N,N
3796,FY20,N,Y
3797,FY22,N,Y
3798,FY21,N,Y
3799,FY21,Y,Y
3800,FY20,Y,Y
3802,FY21,Y,Y
3803,FY24,N,N
3804,FY24,Y,Y
3806,FY20,N,Y
3808,FY21,Y,Y
3809,FY20,N,Y
3810,FY21,N,N
3811,FY21,N,Y
3812,FY24,N,N
3813,FY20,N,Y
3814,FY24,N,Y
3816,FY22,N,Y
3817,FY23,N,Y
3818,FY20,N,N
3819,FY20,N,Y
3820,FY23,N,N
3821,FY21,N,N
3822,FY23,Y,Y
3823,FY23,N,Y
3824,FY20,N,Y
3826,FY23,Y,Y
3827,FY21,N,Y
3828,FY20,N,N
3830,FY23,N,Y
3831,FY22,Y,Y
3832,FY21,N,Y
3833,FY20,Y,Y
3836,FY22,Y,Y
3837,FY20,N,N
3838,FY24,N,N
3839,FY24,Y,Y
3840,FY21,Y,Y
3843,FY22,N,Y
3845,FY20,N,N
3846,FY20,Y,Y
3847,FY23,N,Y
3848,FY24,N,N
3849,FY22,Y,Y
3850,FY22,N,N
3851,FY24,Y,Y
3853,FY20,Y,Y
3854,FY24,N,Y
3855,FY20,N,Y
3856,FY21,N,Y
3857,FY23,Y,Y
3858,FY21,Y,Y
3859,FY22,N,N
3860,FY21,Y,Y
3861,FY22,N,N
3862,FY21,N,N
3863,FY23,N,Y
3864,FY20,N,Y
3865,FY22,N,Y
3866,FY23,N,Y
3867,FY24,N,N
3868,FY23,N,Y
3869,FY20,Y,Y
3870,FY21,Y,Y
3871,FY23,Y,Y
3872,FY21,N,N
3873,FY23,N,Y
3874,FY22,N,Y
3876,FY20,N,Y
3877,FY20,Y,Y
3878,FY20,N,N
3880,FY22,Y,Y
3881,FY23,N,Y
3883,FY21,N,Y
3884,FY24,N,Y
3885,FY20,N,Y
3888,FY21,N,N
3889,FY22,N,N
3891,FY22,N,Y
3892,FY22,Y,Y
3893,FY23,N,Y
3895,FY20,N,N
3898,FY20,Y,Y
3899,FY23,Y,Y
3900,FY20,N,Y
3901,FY24,Y,Y
3902,FY23,N,N
3904,FY24,N,N
3905,FY21,N,N
3906,FY22,N,Y
3909,FY24,N,N
3911,FY22,N,Y
3912,FY23,N,Y
3913,FY23,N,N
3914,FY21,Y,Y
3915,FY21,Y,Y
3916,FY23,Y,Y
3917,FY20,N,N
3918,FY20,N,Y
3919,FY23,N,N
3920,FY20,Y,Y
3922,FY23,Y,Y
3923,FY21,N,N
3928,FY22,Y,Y
3929,FY21,N,Y
3930,FY22,N,N
3931,FY22,N,Y
3932,FY24,Y,Y
3933,FY21,N,Y
3934,FY23,N,N
3935,FY24,Y,Y
3936,FY22,N,Y
3938,FY21,Y,Y
3939,FY21,N,N
3940,FY20,N,Y
3941,FY24,N,N
3942,FY23,N,Y
3943,FY22,N,N
3944,FY21,N,Y
3945,FY20,N,Y
3946,FY24,Y,Y
3947,FY23,N,Y
3948,FY21,Y,Y
3949,FY20,Y,Y
3950,FY23,N,Y
3951,FY22,Y,Y
3952,FY22,N,N
3953,FY24,Y,Y
3954,FY22,N,N
3955,FY21,N,N
3956,FY23,N,N
3957,FY24,Y,Y
3958,FY24,N,Y
3959,FY24,N,N
3960,FY21,Y,Y
3961,FY23,N,N
3962,FY22,N,Y
3963,FY24,N,Y
3964,FY23,N,Y
3965,FY22,N,Y
3966,FY24,Y,Y
3967,FY24,N,Y
3968,FY20,N,N
3969,FY20,N,Y
3970,FY22,N,Y
3971,FY23,N,N
3972,FY20,N,N
3973,FY22,N,N
3974,FY23,N,N
3975,FY23,N,Y
3976,FY22,Y,Y
3977,FY23,N,N
3978,FY22,N,Y
3979,FY24,Y,Y
3980,FY22,N,N
3981,FY23,N,Y
3982,FY21,N,N
3983,FY24,N,Y
3984,FY24,N,N
3985,FY20,N,Y
3987,FY21,N,Y
3988,FY22,N,N
3989,FY21,N,N
3990,FY24,Y,Y
3992,FY22,N,N
3993,FY24,Y,Y
3994,FY22,Y,Y
3996,FY24,Y,Y
3997,FY22,N,Y
3998,FY24,Y,Y
4000,FY24,N,N
4002,FY21,Y,Y
4003,FY20,N,Y
4005,FY21,Y,Y
4006,FY21,N,N
4008,FY21,N,Y
4009,FY21,N,N
4011,FY22,N,Y
4012,FY21,Y,Y
4015,FY21,Y,Y
4016,FY22,N,N
4017,FY24,Y,Y
4018,FY23,N,N
4020,FY21,N,Y
4021,FY23,N,Y
4023,FY21,N,Y
4024,FY23,N,Y
4025,FY24,Y,Y
4026,FY23,Y,Y
4029,FY20,Y,Y
4030,FY23,N,N
4031,FY21,N,Y
4032,FY24,Y,Y
4033,FY20,N,N
4034,FY22,N,Y
4035,FY22,N,N
4037,FY20,N,Y
4038,FY20,Y,Y
4039,FY20,N,Y
4040,FY22,N,Y
4041,FY20,N,Y
4042,FY20,Y,Y
4043,FY23,Y,Y
4044,FY21,Y,Y
4045,FY20,Y,Y
4046,FY20,Y,Y
4048,FY24,Y,Y
4049,FY22,Y,Y
4050,FY21,N,Y
4051,FY21,N,N
4052,FY21,Y,Y
4053,FY21,Y,Y
4054,FY23,Y,Y
4055,FY22,N,Y
4056,FY21,N,N
4057,FY23,N,Y
4058,FY21,Y,Y
4059,FY21,N,Y
4060,FY24,Y,Y
4061,FY23,N,N
4062,FY21,N,Y
4064,FY24,Y,Y
4067,FY22,Y,Y
4068,FY22,Y,Y
4069,FY20,Y,Y
4070,FY24,Y,Y
4073,FY20,N,N
4074,FY20,Y,Y
4075,FY20,N,Y
4079,FY24,Y,Y
4080,FY20,N,Y
4082,FY24,N,N
4083,FY20,Y,Y
4084,FY24,Y,Y
4085,FY23,N,Y
4086,FY23,N,Y
4087,FY22,N,Y
4089,FY21,Y,Y
4090,FY22,Y,Y
4091,FY24,Y,Y
4092,FY22,Y,Y
4093,FY21,Y,Y
4094,FY24,N,Y
4096,FY20,Y,Y
4097,FY21,Y,Y
4098,FY21,N,Y
4099,FY23,Y,Y
4101,FY24,N,Y
4102,FY22,Y,Y
4105,FY24,N,Y
4106,FY23,N,N
4107,FY22,Y,Y
4108,FY21,N,Y
4109,FY23,Y,Y
4110,FY24,Y,Y
4112,FY21,Y,Y
4113,FY20,N,Y
4114,FY22,N,N
4115,FY24,Y,Y
4116,FY20,N,N
4117,FY23,N,Y
4118,FY20,N,N
4119,FY23,Y,Y
4122,FY21,N,Y
4123,FY22,N,N
4124,FY24,N,Y
4125,FY24,N,Y
4126,FY23,Y,Y
4127,FY24,N,N
4128,FY23,Y,Y
4129,FY23,N,N
4131,FY20,N,Y
4132,FY20,N,Y
4133,FY20,N,Y
4134,FY22,N,N
4135,FY22,N,N
4136,FY23,N,N
4137,FY24,Y,Y
4138,FY20,N,N
4139,FY20,Y,Y
4140,FY20,Y,Y
4142,FY22,N,N
4143,FY20,Y,Y
4145,FY23,N,Y
4146,FY23,N,N
4147,FY22,Y,Y
4148,FY22,Y,Y
4149,FY21,Y,Y
4151,FY20,Y,Y
4152,FY21,Y,Y
4153,FY20,N,Y
4154,FY24,N,Y
4155,FY23,Y,Y
4157,FY21,N,N
4158,FY22,N,N
4159,FY21,N,N
4160,FY22,N,N
4162,FY22,Y,Y
4163,FY24,N,Y
4165,FY23,N,Y
4166,FY24,N,Y
4168,FY20,Y,Y
4171,FY21,Y,Y
4174,FY24,N,N
4176,FY22,N,Y
4177,FY20,N,N
4178,FY20,N,N
4179,FY23,Y,Y
4180,FY24,Y,Y
4181,FY24,N,N
4182,FY24,Y,Y
4184,FY23,N,Y
4185,FY22,Y,Y
4188,FY24,N,N
4189,FY24,Y,Y
4191,FY20,N,N
4192,FY23,Y,Y
4193,FY22,Y,Y
4194,FY20,N,N
4195,FY20,N,N
4196,FY24,N,N
4197,FY23,Y,Y
4198,FY22,N,Y
4199,FY20,N,Y
4200,FY21,Y,Y
4201,FY22,N,Y
4202,FY20,N,Y
4203,FY22,N,Y
4204,FY20,N,N
4208,FY21,Y,Y
4209,FY21,N,N
4210,FY21,N,N
4211,FY21,Y,Y
4213,FY24,Y,Y
4214,FY20,Y,Y
4216,FY20,N,Y
4217,FY21,Y,Y
4218,FY22,N,N
4219,FY21,N,N
4220,FY23,N,N
4221,FY20,N,Y
4222,FY21,Y,Y
4223,FY21,Y,Y
4224,FY22,Y,Y
4225,FY20,N,Y
4226,FY23,Y,Y
4227,FY21,Y,Y
4228,FY20,Y,Y
4229,FY20,N,N
4230,FY20,N,Y
4231,FY23,N,N
4232,FY21,N,N
4233,FY23,N,Y
4234,FY20,Y,Y
4235,FY20,N,Y
4236,FY21,N,Y
4237,FY21,N,Y
4239,FY22,N,Y
4242,FY21,Y,Y
4243,FY24,N,N
4245,FY23,N,Y
4246,FY21,N,Y
4247,FY21,Y,Y
4248,FY20,N,N
4249,FY20,N,N
4250,FY21,N,N
4251,FY24,N,N
4254,FY20,N,N
4255,FY22,N,N
4256,FY21,N,Y
4257,FY24,Y,Y
4258,FY21,Y,Y
4259,FY21,N,N
4261,FY23,N,Y
4262,FY21,N,N
4263,FY22,N,Y
4265,FY20,Y,Y
4266,FY20,Y,Y
4267,FY24,N,N
4269,FY24,N,N
4270,FY21,Y,Y
4271,FY21,N,Y
4272,FY20,N,N
4273,FY22,N,N
4274,FY24,N,Y
4275,FY22,N,Y
4277,FY23,Y,Y
4278,FY24,N,N
4279,FY24,N,Y
4280,FY22,N,N
4281,FY20,Y,Y
4283,FY21,Y,Y
4284,FY22,N,N
4285,FY20,N,N
4286,FY21,Y,Y
4287,FY22,N,N
4288,FY20,N,Y
4289,FY20,N,Y
4290,FY23,N,Y
4291,FY24,N,Y
4292,FY24,N,Y
4293,FY23,N,N
4295,FY22,N,N
4296,FY21,N,N
4298,FY20,N,Y
4299,FY24,N,Y
4301,FY22,N,N
4303,FY21,N,Y
4304,FY24,Y,Y
4305,FY22,N,Y
4306,FY22,Y,Y
4307,FY22,N,Y
4309,FY21,N,Y
4310,FY22,Y,Y
4312,FY20,Y,Y
4313,FY22,Y,Y
4314,FY23,N,Y
4315,FY21,N,Y
4316,FY24,N,Y
4317,FY20,Y,Y
4318,FY21,Y,Y
4319,FY24,Y,Y
4320,FY21,Y,Y
4321,FY22,N,Y
4322,FY21,N,Y
4323,FY23,N,N
4324,FY23,N,N
4325,FY21,Y,Y
4326,FY21,Y,Y
4327,FY24,N,Y
4329,FY21,Y,Y
4330,FY20,Y,Y
4332,FY22,Y,Y
4334,FY21,N,N
4335,FY21,N,Y
4337,FY22,Y,Y
4338,FY22,N,N
4339,FY24,N,N
4340,FY22,Y,Y
4341,FY24,N,N
4342,FY21,Y,Y
4344,FY24,N,Y
4345,FY21,N,N
4346,FY20,N,Y
4347,FY20,N,Y
4348,FY21,Y,Y
4349,FY24,Y,Y
4351,FY22,Y,Y
4352,FY20,N,Y
4354,FY20,Y,Y
4355,FY20,N,Y
4356,FY21,N,N
4357,FY20,N,N
4358,FY24,N,Y
4359,FY20,Y,Y
4360,FY21,Y,Y
4362,FY24,Y,Y
4363,FY23,N,Y
4364,FY22,N,N
4366,FY23,Y,Y
4367,FY20,Y,Y
4368,FY20,N,N
4369,FY23,Y,Y
4370,FY22,Y,Y
4372,FY23,N,Y
4373,FY24,Y,Y
4374,FY21,Y,Y
4375,FY22,Y,Y
4376,FY21,Y,Y
4377,FY20,N,N
4378,FY22,N,N
4379,FY22,N,N
4380,FY22,N,N
4381,FY21,Y,Y
4382,FY20,Y,Y
4383,FY21,N,Y
4384,FY22,Y,Y
4389,FY21,N,N
4390,FY24,N,Y
4391,FY23,N,N
4392,FY23,N,Y
4393,FY20,N,N
4395,FY23,Y,Y
4397,FY20,N,N
4398,FY24,N,Y
4399,FY21,Y,Y
4400,FY24,Y,Y
4401,FY24,N,N
4402,FY20,N,N
4403,FY21,Y,Y
4404,FY22,N,N
4405,FY23,N,N
4406,FY21,N,Y
4407,FY20,Y,Y
4408,FY23,Y,Y
4410,FY20,Y,Y
4411,FY20,N,N
4412,FY20,Y,Y
4413,FY23,N,Y
4414,FY23,N,N
4415,FY21,N,Y
4416,FY20,Y,Y
4417,FY21,N,Y
4418,FY20,Y,Y
4421,FY21,N,Y
4422,FY20,Y,Y
4423,FY22,N,Y
4424,FY24,Y,Y
4425,FY24,N,Y
4426,FY21,N,Y
4427,FY21,Y,Y
4428,FY22,N,N
4429,FY24,Y,Y
4430,FY23,N,Y
4431,FY22,N,Y
4432,FY24,N,N
4433,FY23,N,Y
4434,FY22,N,N
4435,FY22,N,Y
4436,FY20,Y,Y
4438,FY20,N,N
4439,FY23,Y,Y
4440,FY21,N,Y
4441,FY23,Y,Y
4442,FY23,Y,Y
4443,FY22,N,N
4445,FY22,N,Y
4446,FY21,N,Y
4447,FY20,N,N
4448,FY24,Y,Y
4450,FY21,N,N
4451,FY21,Y,Y
4452,FY24,Y,Y
4455,FY23,Y,Y
4456,FY20,N,N
4457,FY22,N,N
4458,FY24,N,N
4459,FY20,N,N
4460,FY22,Y,Y
4462,FY20,Y,Y
4463,FY24,N,Y
4464,FY20,N,N
4465,FY24,N,N
4467,FY23,N,Y
4468,FY23,Y,Y
4469,FY21,Y,Y
4471,FY24,N,N
4472,FY20,N,N
4473,FY22,Y,Y
4474,FY20,N,Y
4475,FY22,N,Y
4476,FY20,N,N
4478,FY21,N,N
4479,FY21,N,Y
4480,FY24,N,N
4481,FY23,Y,Y
4482,FY22,N,N
4483,FY23,Y,Y
4484,FY21,N,Y
4486,FY23,N,Y
4487,FY22,Y,Y
4489,FY23,N,N
4490,FY21,N,Y
4491,FY21,N,N
4492,FY20,N,N
4494,FY23,N,N
4496,FY21,Y,Y
4497,FY22,N,Y
4498,FY20,N,N
4499,FY22,Y,Y
4500,FY24,Y,Y
4501,FY20,Y,Y
4503,FY21,Y,Y
4504,FY24,Y,Y
4505,FY23,N,Y
4506,FY23,Y,Y
4507,FY21,N,Y
4508,FY22,Y,Y
4509,FY24,N,N
4512,FY22,N,Y
4513,FY20,N,Y
4514,FY24,Y,Y
4515,FY24,Y,Y
4516,FY22,N,N
4519,FY24,N,Y
4520,FY24,N,N
4521,FY22,Y,Y
4522,FY21,Y,Y
4523,FY21,Y,Y
4525,FY22,N,N
4526,FY23,N,Y
4527,FY23,Y,Y
4528,FY22,N,Y
4529,FY20,N,N
4530,FY24,Y,Y
4533,FY21,N,N
4534,FY21,N,Y
4535,FY24,Y,Y
4536,FY21,N,Y
4537,FY24,Y,Y
4539,FY23,N,N
4541,FY20,N,N
4542,FY24,Y,Y
4543,FY23,N,N
4544,FY20,N,Y
4545,FY22,Y,Y
4546,FY20,N,Y
4547,FY20,N,Y
4548,FY23,N,N
4549,FY24,N,N
4550,FY23,N,Y
4551,FY23,N,N
4552,FY24,N,N
4553,FY24,N,Y
4554,FY20,N,N
4556,FY23,Y,Y
4557,FY22,N,N
4558,FY20,N,N
4559,FY24,Y,Y
4561,FY24,Y,Y
4562,FY24,N,Y
4563,FY22,N,N
4564,FY22,N,Y
4565,FY21,N,N
4566,FY21,N,Y
4567,FY24,N,N
4568,FY22,Y,Y
4569,FY23,Y,Y
4570,FY24,Y,Y
4571,FY20,N,N
4572,FY23,N,N
4573,FY20,N,Y
4574,FY23,N,N
4575,FY21,N,Y
4577,FY20,N,N
4578,FY24,N,Y
4579,FY20,N,N
4580,FY21,Y,Y
4581,FY23,N,Y
4582,FY22,N,Y
4583,FY24,Y,Y
4584,FY21,N,Y
4585,FY22,Y,Y
4586,FY21,Y,Y
4587,FY22,N,Y
4588,FY20,N,Y
4589,FY20,N,N
4591,FY23,N,N
4594,FY20,N,Y
4595,FY21,Y,Y
4596,FY23,Y,Y
4597,FY21,N,Y
4598,FY23,N,Y
4599,FY23,Y,Y
4601,FY20,Y,Y
4602,FY24,Y,Y
4603,FY21,N,N
4604,FY24,N,Y
4605,FY21,Y,Y
4606,FY20,Y,Y
4607,FY21,N,N
4608,FY22,N,Y
4609,FY20,N,N
4610,FY20,Y,Y
4611,FY21,N,Y
4612,FY23,Y,Y
4613,FY24,N,N
4614,FY23,Y,Y
4615,FY24,N,Y
4616,FY24,Y,Y
4617,FY24,N,Y
4618,FY22,N,Y
4619,FY24,N,N
4620,FY20,Y,Y
4622,FY22,N,Y
4623,FY24,N,Y
4625,FY21,N,N
4626,FY21,N,Y
4627,FY22,Y,Y
4628,FY22,N,N
4629,FY23,Y,Y
4630,FY21,N,Y
4631,FY21,N,N
4632,FY20,N,Y
4633,FY20,Y,Y
4635,FY21,N,N
4636,FY21,Y,Y
4638,FY21,Y,Y
4639,FY24,Y,Y
4640,FY23,N,Y
4641,FY23,N,N
4643,FY22,N,Y
4644,FY21,N,N
4645,FY23,Y,Y
4646,FY22,Y,Y
4647,FY21,N,Y
4648,FY24,Y,Y
4649,FY21,Y,Y
4651,FY20,Y,Y
4652,FY23,N,N
4653,FY23,N,Y
4654,FY20,N,Y
4656,FY23,Y,Y
4657,FY24,Y,Y
4658,FY23,N,Y
4660,FY23,Y,Y
4661,FY23,N,Y
4662,FY23,N,N
4663,FY22,Y,Y
4664,FY24,N,N
4665,FY20,N,Y
4666,FY24,Y,Y
4667,FY23,Y,Y
4668,FY23,N,N
4669,FY22,Y,Y
4670,FY24,N,N
4671,FY22,N,N
4672,FY21,N,Y
4673,FY23,Y,Y
4674,FY23,Y,Y
4675,FY20,Y,Y
4676,FY23,N,N
4677,FY22,Y,Y
4678,FY21,N,Y
4679,FY23,Y,Y
4681,FY24,Y,Y
4683,FY21,N,N
4685,FY22,Y,Y
4686,FY20,N,N
4688,FY21,N,Y
4689,FY23,N,N
4690,FY20,N,Y
4692,FY20,N,Y
4694,FY21,N,Y
4695,FY21,N,N
4696,FY23,Y,Y
4697,FY22,Y,Y
4698,FY21,N,N
4699,FY24,Y,Y
4700,FY20,N,N
4701,FY23,Y,Y
4702,FY20,N,N
4703,FY24,N,Y
4704,FY24,N,N
4706,FY23,Y,Y
4707,FY21,Y,Y
4708,FY23,N,Y
4709,FY24,Y,Y
4710,FY22,N,Y
4711,FY21,N,Y
4712,FY23,Y,Y
4715,FY20,Y,Y
4716,FY24,Y,Y
4717,FY23,Y,Y
4718,FY22,Y,Y
4719,FY23,Y,Y
4720,FY24,Y,Y
4721,FY22,Y,Y
4722,FY21,N,N
4724,FY20,N,N
4725,FY21,Y,Y
4727,FY22,Y,Y
4728,FY21,N,Y
4731,FY22,N,Y
4732,FY24,Y,Y
4735,FY22,N,N
4736,FY20,N,Y
4738,FY22,N,Y
4739,FY22,Y,Y
4740,FY20,N,N
4742,FY23,Y,Y
4743,FY20,N,N
4745,FY24,Y,Y
4746,FY20,N,N
4747,FY22,N,N
4748,FY21,Y,Y
4749,FY20,N,N
4750,FY21,N,Y
4752,FY21,Y,Y
4753,FY23,N,N
4754,FY22,N,N
4755,FY22,Y,Y
4758,FY23,Y,Y
4759,FY22,Y,Y
4760,FY21,N,Y
4761,FY24,Y,Y
4762,FY21,Y,Y
4763,FY20,Y,Y
4764,FY20,Y,Y
4765,FY21,N,Y
4766,FY20,N,N
4767,FY20,N,N
4768,FY24,N,N
4769,FY20,N,N
4771,FY20,N,Y
4772,FY23,N,Y
4773,FY23,N,N
4774,FY22,N,Y
4776,FY20,Y,Y
4777,FY23,N,N
4778,FY22,Y,Y
4779,FY20,N,Y
4780,FY20,Y,Y
4782,FY24,N,Y
4783,FY21,N,Y
4785,FY21,N,Y
4786,FY21,Y,Y
4787,FY21,Y,Y
4788,FY21,N,N
4789,FY21,N,Y
4790,FY24,Y,Y
4791,FY22,Y,Y
4792,FY20,N,N
4794,FY20,N,N
4795,FY21,N,N
4797,FY20,N,N
4798,FY24,N,N
4799,FY23,N,Y
4800,FY22,Y,Y
4801,FY24,N,Y
4803,FY23,Y,Y
4805,FY20,Y,Y
4806,FY22,N,Y
4808,FY22,Y,Y
4809,FY23,N,Y
4811,FY23,Y,Y
4812,FY20,N,Y
4813,FY21,Y,Y
4815,FY23,Y,Y
4816,FY24,N,Y
4817,FY23,N,Y
4819,FY23,Y,Y
4820,FY22,N,N
4821,FY22,N,Y
4822,FY24,N,N
4823,FY20,N,Y
4824,FY22,Y,Y
4826,FY23,Y,Y
4827,FY21,Y,Y
4829,FY20,N,Y
4830,FY22,Y,Y
4832,FY21,N,N
4833,FY20,N,N
4835,FY20,N,Y
4836,FY22,N,N
4837,FY20,N,Y
4838,FY22,Y,Y
4839,FY24,Y,Y
4840,FY23,N,N
4841,FY21,N,N
4842,FY24,Y,Y
4844,FY21,N,N
4848,FY21,Y,Y
4849,FY24,Y,Y
4850,FY23,Y,Y
4851,FY24,N,Y
4852,FY22,N,N
4853,FY24,N,Y
4854,FY23,Y,Y
4855,FY21,Y,Y
4857,FY20,N,N
4858,FY20,Y,Y
4859,FY24,N,Y
4860,FY20,Y,Y
4861,FY23,N,Y
4862,FY23,N,N
4863,FY21,N,N
4865,FY24,Y,Y
4866,FY20,Y,Y
4868,FY20,N,Y
4869,FY21,N,Y
4870,FY23,N,Y
4872,FY24,Y,Y
4873,FY21,N,N
4874,FY23,N,Y
4875,FY23,Y,Y
4876,FY23,Y,Y
4877,FY21,Y,Y
4878,FY20,Y,Y
4880,FY24,Y,Y
4881,FY20,N,N
4882,FY24,N,N
4883,FY21,N,Y
4884,FY23,Y,Y
4886,FY24,Y,Y
4887,FY24,N,Y
4889,FY21,N,N
4890,FY22,N,Y
4892,FY23,Y,Y
4893,FY21,N,N
4897,FY23,Y,Y
4898,FY22,N,Y
4899,FY21,Y,Y
4900,FY20,N,N
4901,FY22,N,Y
4902,FY24,N,N
4903,FY22,Y,Y
4904,FY24,N,N
4905,FY20,N,N
4906,FY23,Y,Y
4908,FY20,N,N
4909,FY22,N,Y
4910,FY20,N,Y
4911,FY23,N,Y
4913,FY21,Y,Y
4915,FY20,N,Y
4916,FY23,N,Y
4917,FY21,N,Y
4918,FY23,N,Y
4919,FY20,N,N
4920,FY24,N,Y
4921,FY23,N,N
4922,FY20,N,N
4923,FY21,N,N
4924,FY24,N,Y
4927,FY22,Y,Y
4928,FY24,Y,Y
4929,FY22,Y,Y
4930,FY21,Y,Y
4931,FY21,Y,Y
4932,FY24,Y,Y
4934,FY20,N,Y
4935,FY23,N,N
4936,FY21,Y,Y
4937,FY22,Y,Y
4938,FY20,Y,Y
4939,FY21,Y,Y
4940,FY24,N,Y
4941,FY23,N,N
4942,FY24,N,N
4944,FY22,N,Y
4946,FY23,N,N
4947,FY20,Y,Y
4948,FY24,Y,Y
4949,FY24,N,N
4950,FY23,Y,Y
4951,FY23,N,Y
4952,FY22,N,Y
4953,FY23,Y,Y
4954,FY21,N,Y
4955,FY20,N,Y
4957,FY24,N,Y
4958,FY22,N,N
4960,FY22,N,Y
4962,FY21,N,Y
4963,FY22,Y,Y
4964,FY20,Y,Y
4965,FY22,N,Y
4966,FY23,N,Y
4968,FY20,Y,Y
4969,FY23,Y,Y
4970,FY22,N,Y
4971,FY23,Y,Y
4972,FY24,N,Y
4974,FY20,N,Y
4975,FY24,Y,Y
4976,FY24,Y,Y
4977,FY22,N,Y
4978,FY20,N,N
4979,FY23,N,Y
4980,FY20,N,N
4981,FY21,Y,Y
4982,FY21,N,Y
4983,FY24,Y,Y
4984,FY21,N,Y
4985,FY24,Y,Y
4986,FY23,N,Y
4989,FY20,Y,Y
4990,FY24,Y,Y
4991,FY21,N,N
4992,FY24,Y,Y
4993,FY20,N,Y
4994,FY23,Y,Y
4995,FY21,N,Y
4996,FY22,Y,Y
4997,FY21,N,N
4998,FY24,Y,Y
4999,FY20,N,N
5000,FY20,N,Y
